text,department
"Уважаемые коллеги, Подскажите, можно ли перенести сроки учебной практики.",Практика и трудоустройство
"Помогите, как попасть в студенческий театр",Студенческий офис
"Добрый вечер! Подскажите, как оплатить обучение за следующий семестр. Буду благодарен за помощь.",Бухгалтерия
"Уважаемые коллеги, Я студент 5 курса, Реклама и связи с общественностью. Перенесли занятие по программированию на Python, какое новое время? Срочно!",Учебный отдел
"Уважаемые коллеги, Номер договора 21829. Нужны реквизиты для опалты обучения от организации Срочно!",Бухгалтерия
"Уважаемые коллеги, Я студент 2 курса, Прикладная информатика. Не понимаю, меня не допустили к пересдаче по машинному обучению, что делать. Спасибо.",Деканат
Можно ли поступить на второе высшее образование?,Приёмная комиссия
"Добрый вечер! Не понимаю, когда будет посвящение в студенты",Студенческий офис
"Здравствуйте! Номер договора 21759. Скажите пожалуйсат, можно ли оплатить обучение материнским капиталом",Бухгалтерия
"Учусь дистанционно. кСажите пожалуйста, меня не допустили к пересдаче по высшей математике, что делать",Деканат
Учусь дистанционно. Нужны реквизиты для оплаты обучения от организации? Спасибо.,Бухгалтерия
"Привет. Пишу уже второй раз. Помогите, прошу продлить сессию по уважительной причине, есть больничный.",Деканат
Учусь на заочной форме. Можон ли поступить на второе высшее образование,Приёмная комиссия
"Скажите пожалуйста, можно ли поступить без ЕГЭ после колледжа. Спасибо.",Приёмная комиссия
"Добрый день. Подскажите, нужна справка для пенсионного фонда, что я учусь очно?",Справки и документы
"Уважаемые коллеги, Хочу перевестись с направления Менеджмент на другео направление? Заранее спасибо!",Деканат
Добрый вечер! Как записаться на пересдачу по базам данных Срочно!,Деканат
Добрый вечер! Учусь на заочной форме. Руководитель практики от организации не отвечает. Спасибо.,Практика и трудоустройство
"Учусь на заочной форме. Скажите пожалуйста, потерял студенческий билет, как восстановить.",Справки и документы
"Здравствуйте! Пишу уже второй раз. Подскажиет, как подать документы на поступление онлайн? Жду ответа.",Приёмная комиссия
"Не могу прикрепить файл с работой, выдает ошибку. Буду благодарен за помощь.",IT-поддержка
Привет. Хочу сменить научного руководителя курсовой работы? Заранее спасибо!,Деканат
Добрый день. Учусь на заочной форме. У меня вопрос: хочу перевестись с направления Экономика на другое направление,Деканат
"Добрый вечер! Подскажите, хочу вступить в студенческий совет Срочно!",Справки и документы
Учусь дистанционно. Нужна справка-вызов для работодателя на сессию? Спасибо.,Справки и документы
"Добрый день. Учусь дистанционно. Нужна справка для пенсионного фонда, что я учусь очно Жду ответа.",Справки и документы
"Добрый вечер! Помогите, хочу забрать оригинал аттестата из архива. Буду благодарен за помощь.",Справки и документы
"Здравствуйте! Я студент 1 курса, Менеджмент. У меня вопрос: как заселиться в общежитие?",Студенческий офис
Почему выросла стоимость обучения по договору. Жду ответа.,Бухгалтерия
"Здравствуйте! Номер договора 29758. Подскажите, прошу продлить сессию по уважительной причине, есть больничный?",Деканат
"Скажите пожалуйста, сколько делается справка об обучении?",Справки и документы
"Уважаемые коллеги, Пишу уже второй раз. Как офоримть материальную помощь. Жду ответа.",Бухгалтерия
Учусь на заочной форме. Как заказать справку для военокмата? Буду благодарен за помощь.,Справки и документы
"Номер договора 22863. Подскажите, когда будет день открытых дверей. Буду благодарен за помощь.",Приёмная комиссия
"Добрый день. Помогите, как попасть на стажировку в компанию-партнер. Срочно!",Практика и трудоустройство
"Добрый день. Учусь на заочной форме. Скажите пожалуйста, хочу поступить в магистратуру, какие нужны документы",Приёмная комиссия
"Добрый день. Подскажите, можно ли перенести сроки учебной практики Заранее спасибо!",Практика и трудоустройство
"Учусь на заочной форме. Скажите пожалуйста, почему выросла стоимость обучения по договору.",Бухгалтерия
"Уважаемые коллеги, Номер договора 89098. У меня вопрос: когда будет экзамен по философии? Жду ответа.",Учебный отдел
"Добрый день. Учусь дистанционно. В расписании стоят две пары одновременно, какая правильная Срочно!",Учебный отдел
"Добрый день. Я студент 5 курса, Менеджмент. У меня вопрос: пропал звук на онлайн лекции по праву Спасибо.",IT-поддержка
"Учусь дистанционно. Не понимаю, не могу прикрепить файл с работой, выдает ошибку Жду ответа.",IT-поддержка
Когда сдавать отчет по преддипломной практике. Спасибо.,Практика и трудоустройство
"Привет. Скажите пожалуйста, можно ли перенести сроки учебной практики. Заранее спасибо!",Практика и трудоустройство
Почему выросла стоимость обучения по договору.,Бухгалтерия
Привет. Где найти учебный план по направлению Менеджмент,Учебный отдел
"У меня вопрос: хочу поступить на направление Бизнес-информатика, какие вступительные испытания",Приёмная комиссия
"Добрый вечер! Пишу уже второй раз. Не понимаю, когда будут результаты вступительного экзамена. Спасибо.",Приёмная комиссия
Добрый вечер! Номер договора 29741. Какой проходной балл был на Менеджмент в прошлом году. Срочно!,Практика и трудоустройство
"Я студент 5 курса, Реклама и связи с общественностью. Не открывается вебинар, черный экран Буду благодарен за помощь.",IT-поддержка
"Добрый вечер! Я студент 1 курса, Юриспруденция. Скажите пожалуйста, как заказать справку для военкомата?",Справки и документы
Пишу уже второй раз. В LMS не згаружается задание по маркетингу Жду ответа.,IT-поддержка
"Привет. Учусь дистанционно. Подскажите, приложение университета вылетает на телефоне.",IT-поддержка
"Я студент 2 курса, Прикладная информатика. У меня вопрос: можно ли пройти практику по месту работы Спасибо.",Практика и трудоустройство
"Здравствуйте! Пишу уже второй раз. Не понимаю, где посмотреть распсиание сессии Жду ответа.",Учебный отдел
Как записаться в спортивную секцию. Буду благодарен за помощь.,Студенческий офис
"Здравствуйте! Учусь на заочной форме. Скажите пожалуйста, хочу поступить в магистратуру, какие нужны документы Срочно!",Приёмная комиссия
"Уважаемые коллеги, Пишу уже второй раз. Как оформить договор на практику с организацией. Буду благодарен за помощь.",Практика и трудоустройство
"Здравствуйте! Учусь дистанционно. Не понимаю, руководитель практики от оргнаизации не отвечает. Жду ответа.",Практика и трудоустройство
"Пдоскажите, нужна академическая справка Спасибо.",Справки и документы
Здравствуйте! Номер договора 91598. Как заказать справку для военкомата. Жду ответа.,Справки и документы
"Добрый день. Скажите пожалуйста, не отображается оценка по праву в зачетной нкижке Буду благодарен за помощь.",Учебный отдел
"Учусь на заочной форме. Посдкажите, нужно индивидуальное задание на практику?",Практика и трудоустройство
"Привет. Помогите, где посмотреть расписание сессии. Заранее спасибо!",Учебный отдел
"Здравствуйте! Номер договора 94929. Не понимаю, как получить дубликат диплома? Заранее спасибо!",Справки и документы
"Уважаемые коллеги, Я студент 5 курса, Менеджмент. Не понимаю, нужна справка о периоде обучения? Буду благодарен за помощь.",Справки и документы
Ркуоводитель практики от организации не отвечает?,Практика и трудоустройство
"Добрый день. Учусь на заочной форме. Помогите, нужно индивидуальное задание на практику?",Практика и трудоустройство
Здравствуйте! У меня овпрос: хочу организовать студенческий клуб? Заранее спасибо!,Студенческий офис
Учусь дистанционно. Помогите составить резюме для стажировки? Срочно!,Практика и трудоустройство
"Добрый день. Помогите, хочу вступить в стуеднческий совет.",Студенческий офис
"Привет. Пишу уже второй раз. Подскажите, хочу поступить на направление Менеджмент, какие вступительные испытания Заранее спасибо!",Учебный отдел
"Номер договора 70142. Помогите, сколько стоит проживание в общежитии? Срочно!",Студенческий офис
"Уважаемые коллеги, Учусь дистанционно. У меня вопрос: есть ли волонтерские программы?",Студенческий офис
"Добрый день. Помогите, хочу оформить академический отпуск, какие документы нужны Заранее спасибо!",Деканат
Добрый день. Номер договора 55735. У меня вопрос: нужна справка об обучении для работы Буду благодарен за помощь.,Справки и документы
"Не понимаю, где посмотреть расписанеи сессии Срочно!",Учебный отдел
"Добрый день. Подскажите, какие дисциплины по выбору есть на 4 курсе? Спасибо.",Учебный отдел
"Я студент 1 курса, Прикладная информатика. Помогите, не могу войти в личный кабинет, пишет неверный пароль. Жду ответа.",IT-поддержка
"Здравствуйте! Учусь дистанционно. Подскажите, тест по эконмоике завис и не засчитал ответы? Заранее спасибо!",IT-поддержка
"Добрый вечер! Помогите, как оформить скидку на обучение для многодетной семьи.",Бухгалтерия
У меня вопрос: хочу организовать студенческий клуб.,Студенческий офис
"Скажите пожалуйста, где найти место для прохождения производственной практики. Жду ответа.",Практика и трудоустройство
"Помогите, как восстановить пароль от личного кабинета. Срочно!",IT-поддержка
"Уважаемые коллеги, Учусь на заочной форме. У меня вопрос: как получить копию договора на обучение и акт об оплате. Буду благодарен за помощь.",Бухгалтерия
"Подскажите, руководитель практики от организации не отвечает?",Практика и трудоустройство
"Уважаемые коллеги, Номер договора 22130. Скажите пожалуйста, оплатил обучение, но в личном кабинете висит задолженность.",Учебный отдел
Где посмотреть расписание сессии. Срочно!,Учебный отдел
"Добрый вечер! Пишу уже второй раз. Скажите пожалуйста, как получить разрешение на свободное псоещение занятий",Деканат
"Добрый вечер! Скажите пожалуйста, нужно индивидуальное задание на пракитку. Буду благодарен за помощь.",Практика и трудоустройство
"Привет. Помогите, нжуна справка для пенсионного фонда, что я учусь очно? Срочно!",Справки и документы
"Добрый день. Номер договора 11518. Скажите пожалуйста, тест по машинному обучению завис и не засчитал ответы Срочно!",IT-поддержка
Добрый день. Когда начинается следующий семестр. Срочно!,Учебный отдел
"Уважаемые коллеги, Учусь дистанционно. У меня вопрос: можно ли оформить рассрочку оплаты обучения? Срочно!",Бухгалтерия
"Добрый вечер! Подскажите, нужна справка-вызов для работодателя на сессию? Срочно!",Справки и документы
"Привет. Учусь на заочной форме. Помогите, какие дисцилпины по выбору есть на 4 курсе?",Учебный отдел
"Привет. Помогите, когда будет экзамен по английскому языку? Жду ответа.",Учебный отдел
"Добрый вечер! Я студент 2 курса, Психология. Помогите, как получить копию договора на обучение и акт об оплате? Заранее спасибо!",Бухгалтерия
Здравствуйте! Пишу уже второй раз. Преподаватель по праву не выставил оценку в ведомость Срочно!,Учебный отдел
"Добрый вечер! Помогите, как заверить копию зачетной книжки.",Справки и документы
"Добрый вечер! Пишу уже второй раз. Помогите, до какого числа принимают документы абитуриентов? Спасибо.",Приёмная комиссия
"Здравствуйте! Не понимаю, когда начинается следующий семестр? Заранее спасибо!",Учебный отдел
"Пишу уже второй раз. Помогите, как попасть в студенческий театр? Жду ответа.",Студенческий офис
"Я студент 4 курса, Юриспруденция. Не понимаю, где найти место для прохождения производственной практики?",Практика и трудоустройство
"Здравствуйте! Скажите пожалуйста, как получить копию договора на обучение и акт об оплате",Бухгалтерия
"Помогите, когда будет защтиа курсовых работ?",Учебный отдел
"Привет. Я студент 4 курса, Юриспруденция. Оплатил обучение, но в личном кабинете виист задолженность Спасибо.",Бухгалтерия
"Привет. Учусь дистанционно. Помгоите, есть ли волонтерские программы. Срочно!",Студенческий офис
"Здравствуйте! Я студент 5 курса, Экономика. Помогите, хочу поступить на направление кЭономика, какие вступительные испытания. Буду благодарен за помощь.",Приёмная комиссия
"Здравствуйте! Я студент 2 курса, Психология. Как оформить студенческий проездной Спасибо.",Практика и трудоустройство
Здравствуйте! Пишу уже второй раз. Сколько стоит проживание в общежитии,Студенческий офис
"Привет. Подскажите, нужны реквизиты для оплаты обучения от организации Спасибо.",Бухгалтерия
"Потерял студенческий билет, как восстановить?",Справки и документы
"Здравствуйте! Пишу уже второй раз. Подскажите, нужна справка для пенсионного фонда, что я учусь очно Срочно!",Справки и документы
"Добрый день. Номер договора 99394. Помогите, как восстановить пароль от личного кабинета.",IT-поддержка
"Уважаемые коллеги, Подскажите, почему выросла стоимость обучения по договору?",Бухгалтерия
"Я студент 2 курса, Менеджмент. Скажите пожалуйста, нужны рекивзиты для оплаты обучения от организации. Срочно!",Бухгалтерия
"Добрый вечер! Помогите, как заверить копию зачетной книжки? Буду благодарен за помощь.",Справки и документы
Здравствуйте! Когда будет день открытых дверей,Приёмная комиссия
"Скажите пожалуйста, нужны реквизиты для оплаты обучения от организации? Жду ответа.",Бухгалтерия
"Уважаемые коллеги, Помогите, как получить копию догвоора на обучение и акт об оплате Срочно!",Бухгалтерия
"Добрый вечер! Учусь на заочной форме. Хочу оформить академический отпуск, какие документы нужны",Деканат
"Добрый вечер! Пишу уже второй раз. Прошу продлить сессию по уважительной рпичине, есть больничный? Срочно!",Деканат
"Добрый вечер! Я студент 4 курса, Психология. Скажите пожалуйста, как восстановить пароль от личного кабинета?",IT-поддержка
"Уважаемые коллеги, Как оформить студенческий проедзной? Спасибо.",Студенческий офис
Здравствуйте! Номер договора 80735. Какие дисциплины по выбору есть на 4 курсе? Спасибо.,Учебный отдел
"Привет. Помогите, тест по машинному обучению завис и не засчитал ответы? Спасибо.",IT-поддержка
"Добрый день. Учусь на заочной форме. Не понимаю, не приходит код подтверждения на почту?",IT-поддержка
"Привет. Я студент 2 курса, Экономика. Я абитуриент, как узнать свое место в конкурсном списке",Приёмная комиссия
"Уважаемые коллеги, Номер договора 96334. Подскажите, как подать документы на поступление онлайн. Буду благодарен за помощь.",Приёмная комиссия
"Уважаемые коллеги, Подскажите, сколько зачетных единиц в семестре на 4 курсе. Спасибо.",Учебный отдел
"Уважаемые коллеги, У меня вопрос: нужно согласовать индивидуальный график обучения Буду благодарен за помощь.",Деканат
Привет. Учусь дистанционно. У меня вопрос: когда будут результаты вступительного экзамена? Жду ответа.,Приёмная комиссия
Здравствуйте! У меня вопрос: можно ли переселиться в другую комнату в общежитии? Жду ответа.,Студенческий офис
Добрый день. Пишу уже второй раз. Хочу подать заявление на перевод в другой вуз? Спасибо.,Деканат
"Номер договора 60585. Скажите пожалуйста, когда будет экзамен по маркетингу Заранее спасибо!",Учебный отдел
Добрый день. Учусь на заочной форме. Нужна справка для налогового вычета за обучение.,Бухгалтерия
"Добрый день. Номер договора 48591. Не понимаю, как заказать справку для военкомата? Жду ответа.",Справки и документы
"Уважаемые коллеги, Учусь на заочной форме. У меня вопрос: когда будет экзамен по философии?",Учебный отдел
Привет. Учусь на заочной форме. У меня вопрос: можно ли переселиться в другую комнату в общежитии Срочно!,Студенческий офис
Привет. Не могу найти список литературы по философии Заранее спасибо!,Учебный отдел
Добрый день. Где посмотреть расписание сессии? Буду благодарен за помощь.,Учебный отдел
Учусь на заочной форме. У меня вопрос: нужно индивидуальное задание на практику,Практика и трудоустройство
Привет. Пишу уже второй раз. Как восстановить праоль от личного кабинета Заранее спасибо!,IT-поддержка
Добрый день. Учусь на заочной форме. У меня вопрос: хочу забрать оригинал аттестата из архива Срочно!,Справки и документы
"Добрый вечер! Учусь на заочной форме. Подскажите, нужна академическая справка Заранее спасибо!",Справки и документы
Добрый вечер! Как записаться в спортивную секцию,Студенческий офис
"Уважаемые коллеги, Подскажите, сколько делается справка об обчуении Буду благодарен за помощь.",Справки и документы
"Добрый день. Не понимаю, как восстановить пароль от личного кабинета. Срочно!",IT-поддержка
В общежитии не работает отопление Спасибо.,Студенческий офис
"Уважаемые коллеги, Номер договора 22689. Как перевестись с очной формы обучения на заочную.",Деканат
"Пишу уже второй раз. Платеж прошел дважды, верните лишнюю сумму?",Бухгалтерия
Добрый вечер! Учусь на заочной форме. У меня вопрос: не пришел чек об оплате семестра. Жду ответа.,Бухгалтерия
"Номер договора 72050. Хочу поступить на направление Реклама и связи с общественностью, какие вступительные испытания? Спасибо.",Приёмная комиссия
"Уважаемые коллеги, Учусь дистанционно. Не приходит код подтверждения на почту. Спасибо.",IT-поддержка
"Здравствуйте! Скажите пожалуйста, как записаться в спортивную секцию.",Студенческий офис
"Уважаемые коллеги, Можно ли переселиться в другую комнату в общежити?и Буду благодарен за помощь.",Студенческий офис
"Добрый день. Я студент 3 курса, Реклама и связи с общественностью. У меня вопрос: хочу вернуть деньги за обучение после отчисления? Жду ответа.",Бухгалтерия
"Уважаемые коллеги, Не понимаю, где посмотреть расписание сессии Буду благодарен за помощь.",Учебный отдел
"Учусь дистанционно. Помогите, когда будут результаты вступительного экзамена.",Приёмная комиссия
Добрый вечер! Учусь на заочной форме. У меня вопрос: можно ли перенести сроки учебной практики Спасибо.,Практика и трудоустройство
"Пишу уже второй раз. Скажите пожалуйста, нет доступа к электронной библиотеке? Спасибо.",IT-поддержка
"Уважаемые коллеги, Номер договора 84209. Учитываются ли индивидуальные достижения при поступлении Заранее спасибо!",Приёмная комиссия
"Здравствуйте! Не понимаю, можно ли пройти парктику по месту работы? Спасибо.",Практика и трудоустройство
"Номер договора 72236. У меня вопрос: перенесли занятие по истории России, какое новое время? Срочно!",Учебный отдел
"У меня вопрос: хочу поступить в магистратуру, какие нужны документы? Заранее спасибо!",Приёмная комиссия
Добрый вечер! Можно ли поступить на второе высшее образование. Жду ответа.,Приёмная комиссия
"Добрый вечер! Номер договора 24136. Скажите пожалуйста, не могу прикрепить файл с работой, выдает ошибку. Жду ответа.",Справки и документы
"Привет. Я студент 4 курса, Прикладная информатика. У меня вопрос: хочу перевестись с направления Прикладная информатика на другое направление Спасибо.",Деканат
"Номер договора 79978. Скажите пожалуйста, есть ли волонтерские программы. Жду ответа.",Студенческий офис
"Здравствуйте! Я студент 5 курса, Менеджмент. Помогите, учитываются ли индивидуальные достижения при поступлении?",Приёмная комиссия
"Уважаемые коллеги, Скажите пожалуйста, не могу войти в личный кабинет, пишет неверный пароль. Жду ответа.",IT-поддержка
"Добрый вечер! Подскажите, есть ли бюджетные места на Реклама и связи с общественностью",Приёмная комиссия
"Учусь дистанционно. Не понимаю, нет доступа к электронной библиотеке. Спасибо.",IT-поддержка
"Уважаемые коллеги, Номер договора 75838. У меня вопрос: приложение университета вылетает на телефоне Заранее спасибо!",IT-поддержка
"Учусь дистанционно. Подскажите, не приходит код подтверждения на почту?",IT-поддержка
Добрый вечер! Как восстановиться после отчисления Буду благодарен за помощь.,Деканат
"Привет. Я студент 4 курса, Экономика. Помогите, учитываются ли индивидуальные достижения при поступлении. Спасибо.",Приёмная комиссия
"Привет. Учусь на заочной форме. Помогите, хочу вернуть деньги за обучение после отчисления. Спасибо.",Бухгалтерия
"Уважаемые коллеги, Учусь на заочной форме. Подскажите, как восстановить пароль от личного кабинета. Жду ответа.",IT-поддержка
"Уважаемые коллеги, Когда будет ярмарка вакансий.",Практика и трудоустройство
"Здравствуйте! Не понимаю, не пришел чек об оплате семестра? Заранее спасибо!",Бухгалтерия
"Добрый вечер! Я студент 3 курса, Бизнес-информатика. Подскажите, нужна академическая справка Буду благодарен за помощь.",Справки и документы
"Номер договора 40160. Помогите, приложение университета вылетает на телефоне? Спасибо.",IT-поддержка
Здравствуйте! Номер договора 88684. Сколько стоит проживание в общежитии?,Студенческий офис
"Я студент 5 курса, Экономика. Не понимаю, хочу поступить на направление Экономика, какие вступительные испытания Заранее спасибо!",Приёмная комиссия
"Здравствуйте! Учусь на заочной форме. Помогите, у меня академическая задолженность по английскому языку, какие сроки ликвидации",Деканат
"Добрый вечер! Я студент 5 курса, Психология. Подскажите, как заселиться в общежитие. Заранее спасибо!",Студенческий офис
Привет. Номер договора 97470. У меня вопрос: нужна справка о периоде обучения.,Справки и документы
"Здравствуйте! Я студент 5 курса, Реклама и связи с общественностью. Не понимаю, когда начинается следующий семестр.",Учебный отдел
"Подскажите, нужна справка об обучении для работы.",Справки и документы
Привет. Пишу уже второй раз. Не пришел чек об оплате семестра? Заранее спасибо!,Бухгалтерия
Здравствуйте! У меня вопрос: какой прохондой балл был на Бизнес-информатика в прошлом году? Буду благодарен за помощь.,Приёмная комиссия
"Уважаемые коллеги, Номер договора 17328. Не понимаю, когда будет защита курсовых работ? Спасибо.",Учебный отдел
Добрый вечер! У меня вопрос: тест по машинному обучению завис и не засчитал ответы. Буду благодарен за помощь.,IT-поддержка
"Привет. Номер договора 52553. Не понимаю, не могу найти список литературы по английскому языку. Срочно!",Учебный отдел
"Я студент 4 курса, Экономика. Как заказать справку для военкомата? Спасибо.",Справки и документы
"Добрый вечер! Помогите, сколько стоит проживание в общежитии?",Студенческий офис
Добрый вечер! Пишу уже второй раз. У меня вопрос: хочу сменить научного руководителя курсовой работы? Срочно!,Деканат
"Уважаемые коллеги, Сайт выдает ошибку 500 при входе? Жду ответа.",IT-поддержка
Привет. Нужна справка-вызов для работодателя на сессию Буду благодарен за помощь.,Справки и документы
"Подскажите, можно ли переселиться в другую комнату в общежитии? Буду благодарен за помощь.",Студенческий офис
"Пишу уже второй раз. Подскажите, как получить дубликат диплома.",Справки и документы
"Подскажите, можно ли оплатить обучение материнским капиталом Срочно!",Бухгалтерия
"Добрый день. Я студент 1 курса, Реклама и связи с общественностью. Хочу вернуть деньги за обучение после отчисления? Заранее спасибо!",Бухгалтерия
"Уважаемые коллеги, Учусь на заочной форме. Когда будет защита курсовых работ? Буду благодарен за помощь.",Учебный отдел
Добрый вечер! Учусь дистанционно. У меня вопрос: нужна справка об обучении для работы Спасибо.,Справки и документы
"Добрый вечер! Я студент 1 курса, Прикладная информатика. Как заказать справку для военкомата",Справки и документы
"Не понмиаю, как восстановить пароль от личного кабинета?",IT-поддержка
"Уважаемые коллеги, Пишу уже второй раз. Скажите пожалуйста, учитываются ли индивидуальные достижения при поступлении Спасибо.",Приёмная комиссия
"Уважаемые коллеги, Можно ли оплатить обучение материнским капиталом Спасибо.",Бухгалтерия
"Учусь на заочной форме. Помогите, когда будет экзамен по менеджменту Буду благодарен за помощь.",Учебный отдел
"Пишу уже второй раз. Скажите пожалуйста, меня не допустили к пересдаче по английскому языку, что делать.",Деканат
"Добрый день. Помогите, хочу оформить академический отпуск, какие документы нужны?",Деканат
"Помогите, есть ли бюджетные места на Бизнес-информатиак",Приёмная комиссия
"Я студент 2 курса, Юриспруденция. Как получить приложение к диплому на английском? Заранее спасибо!",Справки и документы
"Привет. У меня вопрос: хочу поступить в магистратуру, какие унжны документы. Срочно!",Приёмная комиссия
"Подскажите, как записаться в спортивную секцию. Спасибо.",Студенческий офис
"Не понимаю, хочу оформить академический отпуск, какие документы нужны?",Деканат
Где найти место для прохождения производственной практики Жду ответа.,Практика и трудоустройство
"Добрый вечер! Учусь на заочной форме. Помогите, можно ли оплатить обучение материнским капиталом Заранее спасибо!",Бухгалтерия
Учусь дистанционно. Как заверить копию зачетонй книжки,Справки и документы
"Номер договора 67469. Не понимаю, хочу оформить академический отпуск, какие документы нужны. Буду благодарен за помощь.",Деканат
"Добрый день. Я студент 1 курса, Прикладная информатика. Помогите, не могу прикрепить файл с работой, выдает ошибку. Жду ответа.",IT-поддержка
Привет. Нужно индивидуальное задание на практику. Буду благодарен за помощь.,Практика и трудоустройство
"Уважаемые коллеги, Помогите, нужна справка для пенсионного фонда, что я учусь очно? Срочно!",Справки и документы
Привет. Не могу найти список литературы по машинному обучению. Спасибо.,Учебный отдел
"Добрый вечер! Подскажите, нужна справка о периоде обучения.",Справки и документы
Пишу уже второй раз. Сколько делается справка об обучении Срочно!,Справки и документы
"Учусь на заочной форме. Помогите, нужно согласовать индивидуальный график обучения",Деканат
"Помогите, хочу подать заявление на перевод в другой вуз. Спасибо.",Деканат
Добрый день. Хочу перевестись с направления Экономика на друоге направление. Заранее спасибо!,Деканат
"Уважаемые коллеги, Учусь дистанционно. У меня вопрос: как оформить скидку на обучение для многодетной семьи Заранее спасибо!",Бухгалтерия
"Уважаемые коллеги, Номер договора 19334. Скажите пожалуйста, когда будет защита курсовых работ? Жду ответа.",Учебный отдел
"Учусь дистанционно. Подскажите, можно ли оплатить обучение материнским капиталом.",Бухгалтерия
"Уважаемые коллеги, Не понимаю, можно ли поступить без ЕГЭ после колледжа Спасибо.",Приёмная комиссия
"Я студент 4 курса, Экономика. Когда начинается следующий семестр. Жду ответа.",Учебный отдел
"У меня вопрос: хочу оформить академический отпуск, какие документы нужны Срочно!",Деканат
"Здравствуйте! Подскажите, платеж прошел давжды, верните лишнюю сумму. Спасибо.",Бухгалтерия
"Добрый вечер! Пишу уже второй раз. Помогите, когда будет защита курсовых работ",Учебный отдел
Пишу уже второй раз. Когад будет ярмарка вакансий. Спасибо.,Практика и трудоустройство
Здравствуйте! Когда будет экзамен по маркетингу Срочно!,Учебный отдел
"Здравствуйте! Пишу уже второй раз. Помогите, как получить копию договора на обучение и акт об оплате? Срочно!",Бухгалтерия
Привет. Как восстановить пароль от личного кабинета? Заранее спасибо!,IT-поддержка
"Добрый день. Учусь дистанционно. Не понимаю, хочу сменить научного руководителя курсовой работы",Деканат
Привет. Нет доступа к электронной библиотеке Спасибо.,IT-поддержка
Здравствуйте! Учусь на заочной форме. Не отображается оценка по философии в зачетной книжке. Буду благодарен за помощь.,Учебный отдел
Добрый день. Учусь на заочной форме. Можно ли переселиться в другую комнату в общежитии. Заранее спасибо!,Студенческий офис
"Здравствуйте! Скажите пожалуйста, как заказать справку для военкомата",Справки и документы
"Добрый день. Скажите пожалуйста, нужно согласовать индивидуальный график обучения. Буду благодарен за помощь.",Деканат
Учусь дистанционно. У меня вопрос: сколько стоит проживание в общежитии? Спасибо.,Студенческий офис
Привет. Номер договора 79898. Как оформить материальную помощь.,Студенческий офис
"Добрый день. Я студент 4 курса, Реклама и связи с общественностью. Скажите пожалуйста, как оформтиь договор на практику с организацией Жду ответа.",Практика и трудоустройство
"Добрый день. Не понимаю, не отображается оценка по истоири России в зачетной книжке? Срочно!",Учебный отдел
"Привет. Номер договора 25095. Скажите пожалуйста, прошу продлиьт сессию по уважительной причине, есть больничный? Срочно!",Деканат
"Здравствуйте! Учусь дистанционно. Помогите, когда будет ярмарка вакансий. Жду ответа.",Практика и трудоустройство
Добрый день. Пишу уже второй раз. Можно ли поступить без ЕГЭ после колледжа.,Приёмная комиссия
"Здравствуйте! Помогите, хочу подать заявление на перевод в другой вуз.",Деканат
"Учусь на заочной форме. Скажтие пожалуйста, почему выросла стоимость обучения по договору? Срочно!",Бухгалтерия
"Добрый день. Номер договора 65199. Скажите пожалуйста, пропал звук на онлайн лекции по английскому языку. Заранее спасибо!",IT-поддержка
"Я студент 1 курса, Экономика. Сайт выдает ошибку 500 при входе? Заранее спасибо!",IT-поддержка
"Добрый вечер! Учусь на заочной форме. Скажите пожалуйста, не приходит код подтверждения на почту. Жду ответа.",IT-поддержка
"Привет. В расписании стоят две пары одновременно, какая правильная",Учебный отдел
"Уважаемые коллеги, Скажите пожалуйста, до какого числа принимают документы абитуриентов? Буду благодарен за помощь.",Приёмная комиссия
"Добрый день. Подскажите, не могу войти в личный кабинет, пишет неверный пароль?",IT-поддержка
Добрый вечер! Учусь дистанционно. Как перевестись с очной формы обучения на заочную,Деканат
"Здравствуйте! Номер договора 10873. Скажите пожалуйста, хочу поступить на направление Психология, какие вступительные испытания? Буду благодарен за помощь.",Приёмная комиссия
Привет. У меня вопрос: как подать документы на поступление онлайн Жду ответа.,Приёмная комиссия
"Здравствуйте! Скажите пожалуйста, тест по маркетингу завис и не засчитал ответы Жду ответа.",IT-поддержка
"Номер договора 21023. Подскажите, есть ли волонтерские программы.",Студенческий офис
"Уважаемые коллеги, Номер договора 33646. Помогите, мжоно ли поступить без ЕГЭ после колледжа. Буду благодарен за помощь.",Приёмная комиссия
Привет. Учусь дистанционно. Можно ли перенести сроки учебной практики.,Практика и трудоустройство
"Привет. Учусь на заочной форме. Не понимаю, сколько стоит проживание в общежитии.",Студенческий офис
"Я студент 1 курса, Прикладная информатика. Как подключить корпоративную почту студента? Заранее спасибо!",IT-поддержка
Здравствуйте! У меня вопрос: где найти учебный план по направлению Юриспруденция? Срочно!,Учебный отдел
"Добрый день. Я студент 4 курса, Реклама и связи с общественностью. Не понимаю, как получить приложение к диплому на английском Буду благодарен за помощь.",Справки и документы
"Здравствуйте! Учусь на заочной форме. Подскаижте, потерял студенческий билет, как восстановить",Справки и документы
"Добрый день. Я студент 1 курса, Бизнес-информатика. Подскажите, в LMS не загружается задание по высшей математике Буду благодарен за помощь.",IT-поддержка
"Здравствуйте! Пишу уже второй раз. Скажите пожалуйста, хочу забрать оригинал аттестата из архива. Буду благодарен за помощь.",Справки и документы
"Привет. Я студент 2 курса, Менеджмент. У меня вопрос: как оформить студенческий проездной Срочно!",Студенческий офис
"Добрый вечер! Скажите пожалуйста, сколько зачетных еднииц в семестре на 1 курсе Заранее спасибо!",Учебный отдел
"Пишу уже второй раз. Скажите пожалуйста, какие дисциплины по выбору есть на 5 курсе? Спасибо.",Учебный отдел
"Уважаемые коллеги, Нужна справка-вызов для работодателя на сессию.",Справки и документы
Привет. У меня вопрос: как записаться в спортивную секцию.,Студенческий офис
Привет. Кодга будет день открытых дверей.,Приёмная комиссия
Как попасть на стажировку в компанию-партнер Спасибо.,Практика и трудоустройство
"Номер договора 45305. Потерял студенческий билет, как восстановить Спасибо.",Справки и документы
"Я студент 2 курса, Прикладная информатика. Помогите, как оформить договор на практику с организацией Буду благодарен за помощь.",Практика и трудоустройство
Добрый вечер! Номер договора 59534. У меня вопрос: кто подписывает дневник практики,Практика и трудоустройство
Добрый вечер! Нужна справка для налогового вычета за обучение Срочно!,Бухгалтерия
"Пишу уже второй раз. Не понимаю, хочу поступить на направление Прикладная информатика, какие вступительные испытания.",Приёмная комиссия
Учусь на заочной форме. У меня вопрос: пропал звук на онлайн лекции по программированию на Python?,IT-поддержка
"Добрый день. Учусь дистанционно. Подскажите, в LMS не загружается задание по статистике Срочно!",IT-поддержка
"Уважаемые коллеги, Скажите пожалуйста, сколько делается справка об обучении Срочно!",Справки и документы
"Добрый вечер! Учусь дистанционно. Подскажите, нужна академическая справка? Срочно!",Справки и документы
Добрый вечер! У меня вопрос: не пришел чек об оплате семесрта Заранее спасибо!,Бухгалтерия
Учусь дистанционно. У меня вопрос: есть ли бюджетные места на Реклама и связи с общественностью. Спасибо.,Приёмная комиссия
"Здравствуйте! Я студент 2 курса, Прикладная информатика. Помогите, учитываются ли индивидуальные достижения при поступлении",Приёмная комиссия
Добрый день. Учусь дистанционно. Когда сдавать отчет по преддипломной практике Жду ответа.,Практика и трудоустройство
"Привет. Я студент 1 курса, Экономика. Не понимаю, нужна справка об обучении для работы? Буду благодарен за помощь.",Справки и документы
"Добрый вечер! Пишу уже второй раз. У меня вопрос: нужна справка для пенсионного фонда, что я учусь очно Заранее спасибо!",Справки и документы
"Добрый день. Подскажите, когда будет защита курсовых работ Спасибо.",Учебный отдел
"Добрый вечер! Пишу уже второй раз. Подскажите, нужно согласовать индивидуальный график обучения? Заранее спасибо!",Деканат
"Добрый день. У меня академическая задолженность по экономике, какие сроки ликвидации Заранее спасибо!",Деканат
"Здравствуйте! Номер договора 82106. Не открывается вебинар, черный экран",IT-поддержка
Сайт выдает ошибку 500 при входе. Заранее спасибо!,IT-поддержка
"Пишу уже второй раз. Помогите, нужна справка-вызов для работодателя на сессию Срочно!",Справки и документы
Добрый вечер! Учусь на заочной форме. У меня вопрос: пирложение университета вылетает на телефоне Срочно!,IT-поддержка
"Помогите, можно ли переселиться в другую комнату в общежитии.",Студенческий офис
"Здравствуйте! Я студент 4 курса, Менеджмент. Скажите пожалуйста, приложение университета вылетает на телефоне.",IT-поддержка
Добрый день. Учусь на заочной форме. Сколько стоит проживание в общежитии. Буду благодарен за помощь.,Студенческий офис
"Уважаемые коллеги, Учусь дистанционно. Как попасть на стажировку в компанию-партнер?",Практика и трудоустройство
У меня вопрос: есть ли волонтерские программы?,Практика и трудоустройство
"Скажите пожалуйста, потерял студенческий билет, как восстановить Срочно!",Справки и документы
"Привет. Не понимаю, как заселиться в общежитие? Срочно!",Студенческий офис
"Здравствуйте! Номер договора 83140. Скажите пожалуйста, как оформить студенческий проездной?",Студенческий офис
"Здравствуйте! Учусь дистанционно. У меня вопрос: прошу продлить сессию по уважительной причине, есть больничный Заранее спасибо!",Деканат
Добрый день. Хочу организовать студенческий клуб?,Студенческий офис
"Добрый вечер! Пишу уже второй раз. Подскажите, есть ли бюджетные места на Юриспруденция. Срочно!",Приёмная комиссия
"Номер договора 22310. Подскажите, как попасть в студенческий театр Жду ответа.",Студенческий офис
Номер договора 28961. Можно ли поступить на второе высшее образование. Спасибо.,Приёмная комиссия
"Здравствуйте! Не понимаю, хочу сменить научного руководителя курсовой работы? Буду благодарен за помощь.",Деканат
"Уважаемые коллеги, Помогите, оплатил обучение, но в личном кабинете висит задолженность. Срочно!",Бухгалтерия
"Не понимаю, не могу найти список литературы по маркетингу.",Учебный отдел
"Скажите пожалуйста, до какого числа принимают документы абитуриентов. Буду благодарен за помощь.",Приёмная комиссия
"Здравствуйте! Пишу уже второй раз. Помогите, можно ли оплатить обучение материнским капиталом Спасибо.",Бухгалтерия
"Учусь на заочной форме. Не понимаю, хочу поступиьт в магистратуру, какие нужны документы?",Приёмная комиссия
Добрый вечер! Можно ли оформить рассрочку оплаты обучения. Спасибо.,Бухгалтерия
"Привет. Не понимаю, хочу перевестись с направления Прикладная информатика на другое направление.",Деканат
"Хочу оформить академический отпуск, какие документы нужны? Жду ответа.",Деканат
"Здравствуйте! Учусь дистанционно. Не понимаю, нужна справка для налогового вычета за обучение",Бухгалтерия
"Здравствуйте! Подскажите, нужно согласовать индивидуальный график обучения Спасибо.",Деканат
"Здравствуйте! Я студент 4 курса, Экономика. Сколько зачетных единиц в семестре на 4 курсе",Учебный отдел
Добрый день. Хочу вступить в студенческий совет? Спасибо.,Студенческий офис
"Добрый день. Учусь дистанционно. Не понимаю, хочу подать заявление на перевод в другой вуз? Заранее спасибо!",Деканат
"Привет. Я студент 4 курса, Юриспруденция. У меня вопрос: как подключить корпоративную почту студента.",IT-поддержка
"У меня вопрос: не могу войти в личный кабинет, пишет неверный пароль Спасибо.",IT-поддержка
"Не понимаю, не приходит код подтверждения на почту? Спасибо.",IT-поддержка
"Привет. Учусь дистанционно. Подскажите, нужна справка для налогового вычета за обучение?",Бухгалтерия
"Номер договора 83647. Не открывается вебинар, черный экран?",IT-поддержка
"Привет. Я студент 2 курса, Экономика. Скажите пожалуйста, хочу сменить научного руководителя курсовой работы. Буду благодарен за помощь.",Деканат
"Добрый вечер! Учусь на заочной форме. Скажите пожалуйста, какой проходной балл был на Прикладная информатика в прошлом году",Приёмная комиссия
"Здравствуйте! Учусь дистанционно. Подскажите, не могу прикрепить файл с работой, выдает ошибку? Буду благодарен за помощь.",IT-поддержка
"Учусь дистанционно. Подскажите, когда будут результаты вступительного экзамена?",Приёмная комиссия
"Учусь на заочной форме. Не могу прикрепить файл с работой, вдыает ошибку? Буду благодарен за помощь.",IT-поддержка
"Здравствуйте! Я студент 5 курса, Бизнес-информатика. Сколько зачетных единиц в семестре на 5 курсе. Спасибо.",Учебный отдел
"Уважаемые коллеги, Учусь на заочной форме. Как попасть в студенческий театр.",Студенческий офис
"Добрый день. Номер договора 47272. Не понимаю, как получить приложение к диплому на английском Жду ответа.",Справки и документы
Нужно индивидуальное задание на практику Буду благодарен за помощь.,Практика и трудоустройство
"Добрый день. Подскажите, как заказать справку для военкомата. Спасибо.",Справки и документы
Добрый вечер! Пишу уже второй раз. У меня вопрос: как получить приложение к диплому на английском? Спасибо.,Справки и документы
Добрый день. Пишу уже второй раз. Нжуно индивидуальное задание на практику? Заранее спасибо!,Практика и трудоустройство
Добрый день. Нужна справка-вызов для работоадтеля на сессию. Срочно!,Справки и документы
"Добрый вечер! Подскажите, когда будут результаты вступительного экзамена",Приёмная комиссия
"Уважаемые коллеги, Номер договора 44035. Можно ли переселиться в другую комнату в общежитии? Буду благодарен за помощь.",Студенческий офис
"Уважаемые коллеги, Есть ли вакансии для студентво направления Бизнес-информатика? Буду благодарен за помощь.",Практика и трудоустройство
"Добрый вечер! Учусь на заочной форме. Помогите, не могу прикрепить файл с работой, выдает ошибку? Спасибо.",IT-поддержка
"Привет. Учусь на заочной форме. Скажите пожалуйста, нужно индивидуальное задание на практику? Срочно!",Практика и трудоустройство
"Здравствуйте! Подскажите, не могу войти в личный кабинет, пишет неверный пароль? Буду благодарен за помощь.",IT-поддержка
"Не понимаю, не могу нйати список литературы по английскому языку. Жду ответа.",Учебный отдел
Добрый вечер! До какого чилса принимают документы абитуриентов. Жду ответа.,Приёмная комиссия
"Уважаемые коллеги, У меня вопрос: когда сдавать отчет по преддипломной практике Заранее спасибо!",Практика и трудоустройство
"Привет. Пишу уже второй раз. Не открывается вебинар, черный экран",IT-поддержка
"Здравствуйте! Пишу уже второй раз. Скажите пожалуйста, окгда будет посвящение в студенты?",Студенческий офис
"Привет. Я студент 1 курса, Юриспруденция. Не понимаю, когда начинается следующий семестр",Учебный отдел
"Уважаемые коллеги, Я студент 4 курса, Психология. Не понимаю, прошу продлить сессию по уважительной причиен, есть больничный Заранее спасибо!",Деканат
"Добрый день. Скажите пожалуйста, можно ли поступить на второе высшее образоваине",Приёмная комиссия
Привет. Пишу уже второй раз. У меня вопрос: есть ли вакансии для студентов направления Экономика?,Практика и трудоустройство
"Добрый вечер! Скажите пожалуйста, где найти место для прохождения производственной практики.",Практика и трудоустройство
"Добрый вечер! Номер договора 18630. У меня вопрос: хочу поступить на направление Менеджмент, какие вступительные испытания? Заранее спасибо!",Приёмная комиссия
"Уважаемые коллеги, Учусь на заочной форме. У меня вопрос: нужны реквизиты для оплаты обучения от организации. Срочно!",Бухгалтерия
"Подскажите, хочу вступить в студенческий совет? Буду благодарен за помощь.",Студенческий офис
"Привет. Я студент 4 курса, Менеджмент. Не могу прикрепить файл с работой, выдает ошибку? Срочно!",IT-поддержка
Здравствуйте! У меня вопрос: как получить разрешение на свободное посещение занятий?,Деканат
"Здравствуйте! Номер договора 61417. Подскажите, когда будет день открытых дверей. Заранее спасибо!",Приёмная комиссия
До какого числа принимают документы абитуриентов?,Приёмная комиссия
"Добрый день. Я студент 2 курса, Юриспруденция. Помогите, хочу поступить на направление Юриспруденция, какие вступительные испытания? Жду ответа.",Приёмная комиссия
"Добрый вечер! Пишу уже второй раз. Не понимаю, когда будут результаты вступительного экзамена. Заранее спасибо!",Приёмная комиссия
"Добрый вечер! Подскажите, как оформить материальную помощь Срочно!",Студенческий офис
"Добрый вечер! Не понимаю, унжна академическая справка? Жду ответа.",Справки и документы
"Добрый день. Я студент 4 курса, Менеджмент. Не понимаю, в LMS не загружается задание по праву",IT-поддержка
Номер договора 88250. Где посмотреть расписание сессии? Жду ответа.,Учебный отдел
Номер договора 22772. Можно ли поступить без ЕГЭ после колледжа? Буду благодарен за помощь.,Приёмная комиссия
"Уважаемые коллеги, Помогите, есть ли вакансии для студентов направления Юриспруденция Срочно!",Практика и трудоустройство
У меня вопрос: где найти учебный план по направлению Юриспруденция Жду ответа.,Учебный отдел
"Добрый вечер! Помогите, когда будет экзамен по английскому языку. Жду ответа.",Учебный отдел
"Здравствуйте! Я студент 5 курса, Психология. Не понимаю, в LMS не загружается задание по базам данных.",Справки и документы
"Здравствуйте! Учусь дистанционно. Помогите, как подключить корпоративную почту студента",IT-поддержка
"Уважаемые коллеги, Учусь дистанционно. У меня вопрос: когда будет защита курсовых работ. Жду ответа.",Учебный отдел
"Учусь на заочной форме. Скажите пожалуйста, оплатил обучение, но в личном кабинете висит задолженность? Жду ответа.",Бухгалтерия
"Добрый день. Помогите, монжо ли оплатить обучение материнским капиталом",Бухгалтерия
"Учусь дистанционно. Скажите пожалуйста, нужна справка об обучении для работы? Срочно!",Справки и документы
У меня вопрос: есть ли вакансии для студентов направления Бизнес-информатика? Буду благодарен за помощь.,Бухгалтерия
Здравствуйте! Пишу уже второй раз. Где посмотреть расписание сессии? Срочно!,Учебный отдел
"Здравствуйте! Помогиет, как подать документы на поступление онлайн Буду благодарен за помощь.",Приёмная комиссия
"Уважаемые коллеги, Пишу уже второй раз. Подскажите, нужно индивидуальное задание на практику?",Практика и трудоустройство
"Привет. Я студент 2 курса, Реклама и связи с общественностью. Помогите, в общежитии не работает отопление",Студенческий офис
Здравствуйте! Как попасть в студенческий театр Заранее спасибо!,Студенческий офис
"Привет. Я студент 1 курса, Бизнес-информатика. Не понимаю, не открывается вебинар, черынй экран. Заранее спасибо!",IT-поддержка
"Добрый день. Я студент 2 курса, Юриспруденция. Скажите пожалуйста, хочу подать заявление на перевод в другой вуз? Срочно!",Деканат
Здравствуйте! Номер договора 71675. Когда будет защита курсовых раобт?,Учебный отдел
"Привет. Помогите, преподаватель по истории России не выставил оценку в ведомость. Жду ответа.",Учебный отдел
"Добрый вечер! Я студент 4 курса, Экономика. Подсакжите, сколько стоит проживание в общежитии",Студенческий офис
"Добрый день. Не понимаю, как оформить договор на практику с организацией",Практика и трудоустройство
"Добрый день. Учусь на заочной форме. Не понимаю, не приходит код подтверждения на почту. Жду ответа.",IT-поддержка
"Привет. Я студент 1 курса, Психология. Как заселиться в общежитие? Буду благодарен за помощь.",Студенческий офис
"Добрый вечер! Номер договора 17456. Подскажит,е как перевестись с очной формы обучения на заочную. Заранее спасибо!",Деканат
"Скажите пожалуйста, нужна академическая справка? Буду благодарен за помощь.",Справки и документы
"Привет. Учусь на заочной форме. Помогите, есть ли вакансии для студентов направления Реклама и связи с общественностью",Практика и трудоустройство
"Уважаемые коллеги, Не понимаю, ркуоводитель практики от организации не отвечает Срочно!",Практика и трудоустройство
"Помогите, пропал звук на онлайн лекции по программированию на Python. Жду ответа.",IT-поддержка
"Привет. Не понимаю, как получить разрешение на свободное посещение занятий?",Деканат
"Привет. Помогите, сколько делается справка об обучении. Буду благодарен за помощь.",Справки и документы
"Добрый день. Номер договора 75061. Помогите, есть ли волонтерские программы?",Студенческий офис
"Добрый вечер! Скажите пожалуйста, сколько зачетных единиц в семестре на 2 курсе.",Учебный отдел
"Я студент 2 курса, Реклама и связи с общественностью. Не поинмаю, есть ли вакансии для студентов направления Реклама и связи с общественностью? Буду благодарен за помощь.",Практика и трудоустройство
Пишу уже второй раз. Хочу вступить в студенческий совет. Заранее спасибо!,Бухгалтерия
"Добрый день. Учусь дистанционно. Подскажите, нужна справка о периоде обучения? Жду ответа.",Справки и документы
"Добрый день. Пишу уже второй раз. Подскажите, не могу войти в личный кабинет, пишет неверный пароль? Спасибо.",IT-поддержка
"Помогите, платеж прошел дважды, верните лишнюю сумму? Заранее спасибо!",Бухгалтерия
"Привет. Не понимаю, меня не допустили к пересдаче по ситории России, что делать. Заранее спасибо!",Деканат
"Добрый вечер! Помогите, можно ли оформить рассрочку оплаты обучения? Спасибо.",Бухгалтерия
"Пишу уже второй раз. Не понимаю, когда будут результаты вступительного экзамена Жду ответа.",Приёмная комиссия
"Уважаемые коллеги, Учусь на заочной форме. Подскажите, хочу организовать студенческий клуб. Срочно!",Студенческий офис
"Здравствуйте! Пишу уже второй раз. Не понимаю, хочу сменить научного руководителя курсовой работы. Заранее спасибо!",Деканат
"Подскажите, где найти учебный план по направлению Прикладная информатика Срочно!",Учебный отдел
"Уважаемые коллеги, Я студент 1 курса, Реклама и связи с общественностью. Помогите, хочу вступить в студенческий освет. Заранее спасибо!",Студенческий офис
"Здравствуйте! Пишу уже второй раз. Не понимаю, когда будет защита курсовых работ Буду благодарен за помощь.",Учебный отдел
Добрый вечер! Руководитель практики от организации не отвечает,Практика и трудоустройство
"Уважаемые коллеги, Подскажите, почему выросла стоимость обучения по договору Заранее спасибо!",Бухгалтерия
"Добрый вечер! Учусь дистанционно. Не понимаю, как оформить сикдку на обучение для многодетной семьи?",Бухгалтерия
"Добрый день. Скажите пожалуйста, сколько стоит проживание в общежитии. Заранее спасибо!",Студенческий офис
"Здравствуйте! Я студент 5 курса, Бизнес-информатика. Можно ли перенести сроки учебной практики. Буду благодарен за помощь.",Учебный отдел
"Привет. Учусь на заочной форме. Помогите, нужно индивидуальное задание на практику?",Практика и трудоустройство
"Добрый вечер! Пишу уже второй раз. Не понимаю, как подключить корпоративную почту студента Буду благодарен за помощь.",IT-поддержка
"Здравствуйте! Пишу уже второй раз. Помогите, как записаться в спортивную секцию?",Студенческий офис
"Скажите пожалуйста, приложение университета вылетает на телефоне Заранее спасибо!",IT-поддержка
Добрый день. Тест по праву азвис и не засчитал ответы Жду ответа.,IT-поддержка
Привет. Пишу уже второй раз. У меня вопрос: как оплатить обучение за следующий семестр. Срочно!,Бухгалтерия
"Добрый день. Подскажите, нужна справка-вызов для работодателя на сессию?",Справки и документы
Привет. Учусь дистанционно. У меня вопрос: как записаться на пересдачу по базам данных? Заранее спасибо!,Деканат
"Уважаемые коллеги, Учусь дистанционно. Не понимаю, не приходит код подтверждения на почту. Буду благодарен за помощь.",IT-поддержка
"Уважаемые коллеги, У меня вопрос: тест по машинному обучению завис и не засчитал ответы Заранее спасибо!",IT-поддержка
"Подскажите, где анйти место для прохождения производственной практики Заранее спасибо!",Практика и трудоустройство
"Добрый день. Помогите, как записаться в спортивную секцию. Заранее спасибо!",Студенческий офис
Привет. Пишу уже второй раз. Как подключить корпоративную почту студента Спасибо.,IT-поддержка
"Добрый день. Я студент 4 курса, Экономика. Не открывается вебинар, черный экран",IT-поддержка
"Учусь дистанционно. Не понимаю, когда будут результаты вступительного экзамена. Заранее спасибо!",Приёмная комиссия
Здравствуйте! Учусь на заочной форме. Хочу сменить научного руководителя курсовой работы Буду благодарен за помощь.,Студенческий офис
"Учусь дистанционно. Подскажите, у меня академическая задолженность по истории России, какие сроки ликвидации?",Деканат
"Здравствуйте! Помогите, сколько зачетных единиц в семестре на 1 курсе Спасибо.",Учебный отдел
Здравствуйте! У меня вопрос: есть ли вакансии для студентов направления Экономика? Срочно!,Практика и трудоустройство
"Я студент 2 курса, Психология. Руководитель практики от организации не овтечает?",Практика и трудоустройство
"Привет. Подскаижте, хочу забрать оригинал аттестата из архива?",Справки и документы
"Подскажите, нужна справка об обучении для работы",Справки и документы
"Добрый день. Подскажите, помогите составить резюме для стажировки?",Практика и трудоустройство
"Привет. Учусь дистанционно. Не понимаю, в LMS не загружается задание по базам данных?",IT-поддержка
"Добрый день. Я студент 3 курса, Психология. Не понимаю, платеж проешл дважды, верните лишнюю сумму. Буду благодарен за помощь.",Бухгалтерия
"Добрый день. Не понимаю, какие дсициплины по выбору есть на 4 курсе. Жду ответа.",Учебный отдел
"Здравствуйте! Учусь на заочной форме. У меня вопрос: оплатил обучение, но в личном кабинете висит задолженность? Жду ответа.",Бухгалтерия
"Добрый день. Помогите, можно ли поступить на второе высшее образование.",Приёмная комиссия
"Привет. Помогите, как заказать справку для военкомата Срочно!",Справки и документы
"Я студент 4 курса, Менеджмент. Не понимаю, не могу прикрепить файл с работо,й выдает ошибку. Буду благодарен за помощь.",IT-поддержка
"Уважаемые коллеги, Скажите пожалуйста, как заселиться в общежитие? Спасибо.",Студенческий офис
У меня вопрос: как оформить материальную помощь? Срочно!,Студенческий офис
"Добрый вечер! Учусь дистанционно. Не понимаю, как восстановить пароль от личного кабинета",IT-поддержка
"Уважаемые коллеги, Я студент 4 курса, Реклама и связи с общественностью. Нужно согласовать индивидуальный график обучения? Спасибо.",Деканат
Пишу уже второй раз. У меня вопрос: где найти место для прохождения приозводственной практики? Жду ответа.,Практика и трудоустройство
Добрый вечер! Учусь на заочной форме. Когда будут результаты вступительного экзамена,Приёмная комиссия
Добрый вечер! Хочу подать заявление на перевод в другой вуз,Деканат
"Привет. Учусь дистанционно. Скажите пожалуйтса, как получить дубликат диплома Буду благодарен за помощь.",Справки и документы
"Уважаемые коллеги, Нужно индивидуальное задание на практику Заранее спасибо!",Практика и трудоустройство
Добрый день. Номер договора 58005. У меня вопрос: есть ли бюджетные места на Экономика? Срочно!,Приёмная комиссия
"Добрый вечер! Учусь дистанционно. Скажите пожалуйста, платеж прошел дважды, верните лишнюю сумму. Буду благодарен за помощь.",Бухгалтерия
"Номер договора 95634. Помогите, сайт выдает ошибку 500 при входе. Срочно!",IT-поддержка
"Учусь на заочной форме. Помогите, не могу найти список литературы по высшей математике? Спасибо.",Учебный отдел
"Здравствуйте! Пишу уже второй раз. У меня вопорс: прошу продлить сессию по уважительной причине, есть больничный? Жду ответа.",Деканат
"Номер договора 51252. Помогите, где найти место для прохождения производственной практики? Спасибо.",Практика и трудоустройство
"Помогите, как оформить материальную помощь. Буду благодарен за помощь.",Студенческий офис
"Номер договора 14485. Помогите, не могу войти в личный кабинет, пишет неверный пароль? Срочно!",IT-поддержка
"Уважаемые коллеги, Можно ли поступить без ЕГЭ после колледжа?",Приёмная комиссия
"Уважаемые коллеги, Когда будте экзамен по программированию на Python",Учебный отдел
"Привет. Помогите, когда начинается следущюий семестр? Спасибо.",Учебный отдел
"Добрый день. Пишу уже второй раз. Не могу прикрепить файл с работой, выдает ошибку. Заранее спасибо!",IT-поддержка
"Помогите, как получить приложение к диплому на английском.",Справки и документы
Здравствуйте! У меня вопрос: где найти место для прохождения производственной практики,Практика и трудоустройство
"Уважаемые коллеги, Номер договора 33681. Подскажите, хочу поступить на направление Менеджмент, какие вступительные испытания Заранее спасибо!",Приёмная комиссия
Привет. Можно ли перенести сроки учебной практики. Жду ответа.,Практика и трудоустройство
"Добрый день. Подскажите, нужна справка о периоде обучеиня.",Справки и документы
"Здравствуйте! Подскажите, когда будет экзамен по философии. Срочно!",Учебный отдел
У меня вопрос: как оформить материальную помощь.,Студенческий офис
"Привет. Оплатил обучение, но в личном кабинете висит задолженность",Бухгалтерия
"Здравствуйте! Учусь на заочной форме. Скажите пожалуйста, можно ли поступить без ЕГЭ после колледжа? Жду ответа.",Приёмная комиссия
"Привет. Номер договора 52068. Не понимаю, как оформить студенческий проездной. Буду благодарен за помощь.",Студенческий офис
"Добрый вечер! Я студент 1 курса, Экономика. Скажите пожалуйста, я абитуриент, как узнать свое место в конкурсном списке",Приёмная комиссия
У меня вопрос: как получить разрешение на свободное посещение занятий.,Студенческий офис
"Уважаемые коллеги, Не понимаю, есть ли вакансии для студентов направления Бизнес-информатика",Практика и трудоустройство
Здравствуйте! Когда будет защиат курсовых работ.,Учебный отдел
"Привет. Не понимаю, приложение университета вылетает на телефоне Буду благодарен за помощь.",IT-поддержка
Номер договора 43823. У меня вопрос: когда будут результаты вступительного экзамена,Приёмная комиссия
Здравствуйте! Учусь на заочной форме. Почему выросла стоимость обучения по договору,Бухгалтерия
"Здравствуйте! Учусь на заочной форме. Скажите пожалуйста, нужна справка о периоде обучения. Жду ответа.",Справки и документы
"Здравствуйте! Пишу уже второй раз. Помогите, как получить приложение к диплоум на английском.",Справки и документы
Как оформить студенческий проездной?,Студенческий офис
"Помогите, как записаться на пересдачу по менеджменту Заранее спасибо!",Деканат
Добрый день. Пишу уже второй раз. До какого числа принимают документы абитуриентов?,Приёмная комиссия
"Добрый день. Подскажите, хочу оформить академический отпуск, какие документы нужны? Буду благодарен за помощь.",Деканат
"Я студент 4 курса, Менеджмент. Скажите пожалуйста, как оформить студенческий проездной Заранее спасибо!",Студенческий офис
"Добрый вечер! Учусь на заочной форме. Не понимаю, преподаватель по базам данных не выставил оценку в ведомость?",Учебный отдел
"Добрый вечер! Учусь на заочной форме. У меня академическая задолженность по экономике, какие сроки ликвидации",Деканат
"Привет. Номер договора 11352. Скажите пожалуйста, как оформить скидку на обучение для многодетной семьи? Буду благодарен за помощь.",Бухгалтерия
"Учусь на заочной форме. Хочу оформить академический отпуск, какие документы нужны?",Деканат
"Добрый день. Не понимаю, у меня академическая задолженность по высшей математике, какие сроки ликвидации. Заранее спасибо!",Деканат
"Привет. Помогите, как перевестись с очной формы обучения на заочную? Буду благодарен за помощь.",Деканат
"Помогите, можно ли переселиться в другую комнату в общежитии Заранее спасибо!",Студенческий офис
Добрый день. Нужно согласовать индивидуальный график обучения. Жду ответа.,Деканат
"Уважаемые коллеги, У меня вопрос: как записаться в спортивную секцию. Буду благодарен за помощь.",Студенческий офис
"Добрый день. Не понимаю, как заказать справку для военкомата. Срочно!",Справки и документы
"Я студент 3 курса, Юриспруденция. Хочу вернуть деньги за обучение после отчисления? Срочно!",Бухгалтерия
"Уважаемые коллеги, У меня вопрос: учитываются ли индивидуальные достижения при поступлении Буду благодарен за помощь.",Приёмная комиссия
"Добрый день. Учусь на заочной форме. Не понимаю, есть ли бюджетные места на Менеджмент? Спасибо.",Приёмная комиссия
"Добрый вечер! Учусь дистанционно. Помогите, в общежитии не работает отопление?",Студенческий офис
"Здравствуйте! Пишу уже второй раз. Скажите пожалуйста, преподаватель по базам данных не выставил оценку в ведомость Заранее спасибо!",Учебный отдел
"Добрый день. Пишу уже второй раз. Помогите, нужна справка об обучении для работы. Буду благодарен за помощь.",Справки и документы
"Уважаемые коллеги, Учусь дистанционно. Помогите, где найти место для прохождения производственной практики. Жду ответа.",Практика и трудоустройство
"Добрый день. Я студент 1 курса, Бизнес-информатика. Есть ли бюджетные места на Бизнес-информатика Заранее спасибо!",Приёмная комиссия
Добрый день. Хочу подать заявление на перевод в другой вуз. Спасибо.,Деканат
Привет. Номер договора 33984. Сайт выдает ошибку 500 при входе. Спасибо.,IT-поддержка
"Уважаемые коллеги, Скажите пожалуйста, помогите составить резюме для стажировки. Жду ответа.",Практика и трудоустройство
"Номер договора 10395. Помогите, хочу подать заявление на перевод в другой вуз? Спасибо.",Деканат
"Добрый вечер! Не понимаю, сколько зачетных единиц в семестре на 2 курсе? Спасибо.",Учебный отдел
"Уважаемые коллеги, Скажите пожалуйста, когда начинается лседующий семестр. Срочно!",Учебный отдел
Привет. В LMS не загружается задание по машинному обучению,IT-поддержка
Привет. У меня вопрос: нужна справка для налогового вычета за обучение. Заранее спасибо!,Бухгалтерия
Добрый вечер! У меня вопрос: как подключить корпоративную почту студента? Заранее спасибо!,IT-поддержка
"Здравствуйте! Помогите, как попасть в студенческий театр",Студенческий офис
"Уважаемые коллеги, Когда сдавать отчет по преддипломной практике.",Практика и трудоустройство
"Уважаемые коллеги, Подскажите, не открывается вебинар, черный экра?н Срочно!",IT-поддержка
"Я студент 3 курса, Менеджмент. Где найти место для прохождения производственной практики? Буду благодарен за помощь.",Практика и трудоустройство
Можно ли поступить на второе высшее образование,Приёмная комиссия
"Привет. Учусь дистанционно. Скажите пожалуйста, не могу прикрепить файл с работой, выдает ошибку Заранее спасибо!",IT-поддержка
"Я студент 3 курса, Менеджмент. Помогите, помогите составить резюме для стажировки. Буду благодарен за помощь.",Практика и трудоустройство
"Уважаемые коллеги, Пишу уже второй раз. Не понимаю, как получить приложение к диплому на английском Жду ответа.",Справки и документы
Добрый день. Учусь дистанционно. Какие дисциплины по выбору есть на 2 курсе? Жду ответа.,Учебный отдел
У меня вопрос: тест по английскому языку завис и не засчитал ответы.,IT-поддержка
"Уважаемые коллеги, Подскажите, учитываются ли индивидуальные достижения при поступлении? Спасибо.",Приёмная комиссия
Привет. Помогите составить резюем для стажировки.,Практика и трудоустройство
"Подскажите, нужна справка для пенсионного фонда, что я учусь очно? Буду благодарен за помощь.",Справки и документы
"Здравствуйте! Не понимаю, у меня академическая задолженность по истории России, какие сроки ликвидации? Спасибо.",Деканат
Добрый вечер! Пишу уже второй раз. У меня вопрос: можно ли поступить без ЕГЭ после колледжа.,Приёмная комиссия
"Привет. Номер договора 32376. Помогите, до какого числа принимают документы абитуриентов Заранее спасибо!",Деканат
"Номер договора 63097. Подскажите, в LMS не загружается задание по базам данных? Жду ответа.",IT-поддержка
Добрый вечер! Пишу уже второй раз. У меня вопрос: кто подписывает дневник практики? Срочно!,Практика и трудоустройство
"Уважаемые коллеги, Я студент 3 курса, Экономика. Помогите, как перевестись с очной формы обучения на заочуню. Буду благодарен за помощь.",Деканат
"Уважаемые коллеги, У меня вопрос: когда будут результаты вступительного экзамена?",Приёмная комиссия
Нужна справка-вызов для работодателя на сессию? Срочно!,Деканат
"Я студент 2 курса, Прикладная информатика. Подскажите, как получить дубликат диплома Заранее спасибо!",Справки и документы
Привет. У меня вопрос: в LMS не загружается задание по маркетингу Буду благодарен за помощь.,IT-поддержка
"Привет. Учусь дистанционно. Не понимаю, как оформить скидку на обучение для многодетной семьи. Заранее спасибо!",Бухгалтерия
Добрый день. Учусь дистанционно. Кто подписывает ндевник практики Спасибо.,Практика и трудоустройство
"Добрый вечер! Я студент 4 курса, Менеджмент. Не отображается оценка по программированию на Python в зачетной книжке? Заранее спасибо!",Учебный отдел
"Уважаемые коллеги, Я студент 4 курса, Бизнес-информатика. Не понимаю, до какого числа принимают документы абитуриентов?",Приёмная комиссия
"Добрый вечер! Помогите, хочу сменить научного руководителя курсовой работы Спасибо.",Деканат
"Уважаемые коллеги, Я студент 2 курса, Прикладная информатика. У меня вопрос: как получить разрешение на свободное посещение занятий. Срочно!",Деканат
Добрый вечер! У меня вопрос: сколько зачетных единиц в семестре на 3 курсе?,Учебный отдел
"Уважаемые коллеги, Подскажите, где найти учебный план по направлению Реклама и связи с общественностью Заранее спасибо!",Учебный отдел
"Уважаемые коллеги, Учусь на заочной форме. Скажите пожалуйста, преподаватель по маркетингу не выставил оценку в ведомость Заранее спасибо!",Учебный отдел
"Добрый день. Номер договора 68079. Помогите, хочу оформить академический отпуск, какие документы нужны. Спасибо.",Деканат
Здравствуйте! У меня вопрос: нужна справка о периоде обучения,Справки и документы
"Учусь дистанционно. Помогите, как получить разрешение на свободное посещение занятий Спасибо.",Деканат
Привет. Хочу вернуть деньги за обучение после отчисления. Срочно!,Бухгалтерия
Добрый вечер! Хочу подать заявление на перевод в другой вуз.,Деканат
"Я студент 3 курса, Экономика. Когда сдавать отчет по преддипломной практике. Спасибо.",Практика и трудоустройство
"Привет. Не понимаю, где посмотреть распиасние сессии",Учебный отдел
"Уважаемые коллеги, Я студент 3 курса, Психология. Помогите, прошу продлить сессию по уважительной причине, есть больничный Срочно!",Деканат
"Подскажит,е как заказать справку для военкомата",Справки и документы
"Добрый вечер! Номер договора 45947. Помогите, нужно индивидуальное задание на практику. Срочно!",Практика и трудоустройство
"Учусь на заочной форме. У меня вопрос: нужан справка для пенсионного фонда, что я учусь очно? Спасибо.",Справки и документы
Привет. Учусь дистанционно. До какого числа принимают документы абитуриентов.,Приёмная комиссия
Привет. Когда будут результаты вступительного экзамена. Жду ответа.,Приёмная комиссия
"Добрый вечер! Подскажите, не приходит код подтверждения на почту.",IT-поддержка
Можно ли поступить на второе высшее образование. Заранее спасибо!,Приёмная комиссия
"Привет. Учусь на заочной форме. Помогите, когда начинается следующий семестр Срочно!",Учебный отдел
"Здравствуйте! Номер договора 91830. Помогите, меня не допустили к пересдаче по философии, что делать Жду ответа.",Деканат
Привет. Учусь на заочной форме. Нужны реквизиты для оплаты обчуения от организации Заранее спасибо!,Бухгалтерия
"Уважаемые коллеги, Подскажите, как восстановиться после отчисления. Спасибо.",Деканат
"Учусь на заочной форме. Подскажите, сколько делается справка об обучении",Справки и документы
"Добрый вечер! Не понимаю, как попасть на стажировку в компанию-партнер. Спасибо.",Практика и трудоустройство
"Здравствуйте! Подскажите, хочу оформить академический отпуск, какие документы нужны? Срочно!",Деканат
"Я студент 2 курса, Юриспруденция. Как получить дубликат диплома. Спасибо.",Справки и документы
"Привет. Учусь на заочной форме. Скажите пожалуйста, сайт выдает ошибку 500 при входе? Буду благодарен за помощь.",IT-поддержка
"Привет. Учусь на заочной форме. Не понимаю, приложение университета вылетает на телефоне? Срочно!",IT-поддержка
"Добрый вечер! Учусь на заочной форме. Не понимаю, как заверить копию зачетной книжки Спасибо.",Справки и документы
Добрый вечер! Учусь дистанционно. Когда начинается следующий есместр?,Учебный отдел
"Уважаемые коллеги, В расписании стоят две пары одновременно, какая правилньая",Учебный отдел
"Учусь дистанционно. Помогите, когда будет посвящение в студенты",Студенческий офис
Здравствуйте! Пишу уже второй раз. У меня вопрос: какие дисциплины по выбору есть на 2 курсе? Жду ответа.,Учебный отдел
"Учусь на заочной форме. Подскажите, хочу поступить на направление Менеджмент, какие вступительные испытания Спасибо.",Приёмная комиссия
Учусь на заочной форме. Можно ли перенести сроки учебной практики Буду благодарен за помощь.,Практика и трудоустройство
"Здравствуйте! Учусь дистанционно. Подскажите, нужна справка для налогового вычета за обучение?",Бухгалтерия
"Уважаемые коллеги, Учусь на заочной форме. Подскажите, руководитель практики от организации не отвечает? Буду благодарен за помощь.",Практика и трудоустройство
"Добрый вечер! Подскажите, учитываются ли индивидуальные достижения при поступлении. Буду благодарен за помощь.",Приёмная комиссия
"Привет. Скажите пожалуйста, как получить дубликат диплома?",Справки и документы
"Привет. Учусь дистанционно. Подскажите, где посмотреть расписание сессии. Срочно!",Учебный отдел
"Добрый день. Скажите пожалуйста, нужна справка для налогового вычета за обучение.",Бухгалтерия
"Скажите пожалуйста, как записаться в спортивную секцию Заранее спасибо!",Студенческий офис
"Уважаемые коллеги, Помогите, нужны реквизиты для оплаты обучения от организации Заранее спасибо!",Бухгалтерия
Добрый вечер! Есть ли бюджетные места на Экономика?,Приёмная комиссия
Привет. У меня вопрос: есть ли бюджетные места на Менеджмент?,Приёмная комиссия
Добрый вечер! Учусь на заочной форме. В LMS не загружается задание по программированию на Python. Жду ответа.,IT-поддержка
"Уважаемые коллеги, Учусь на заочной форме. Какие дисциплины по выбору есть на 5 курсе",Учебный отдел
Добрый вечер! Учусь на заочной форме. В LMS не загружается задание по высшей математике? Спасибо.,IT-поддержка
Привет. Учусь дистанционно. Не отображается оценка по менеджменту в зачетной книжке? Жду ответа.,Студенческий офис
"Учусь на заочной форме. Скажите пожалуйста, есть ли бюджетные места на Бизнес-информатика Срочно!",Приёмная комиссия
"Учусь дистанционно. Потерял студенческий билет, как восстановить Буду благодарен за помощь.",Справки и документы
Привет. Пишу уже второй раз. Как записаться в спортивную секцюи. Буду благодарен за помощь.,Студенческий офис
"Учусь на заочной форме. Подскажите, в общежитии не работает отопление Жду ответа.",Студенческий офис
Добрый вечер! Пишу уже второй раз. У меня вопрос: как подать документы на поступление онлайн Заранее спасибо!,Приёмная комиссия
"Уважаемые коллеги, Как восстановиться после отчисления Спасибо.",Деканат
"Пишу уже второй раз. У меня вопрос: меня не допустили к пересдаче по истории России, что делать. Срочно!",Деканат
"Здравствуйте! Пишу уже второй раз. Помогите, нужна академическая справка. Срочно!",Справки и документы
Учусь дистанционно. Есть ли волонтерские программы?,Студенческий офис
Как оформить договор на практику с организацией? Спасибо.,Практика и трудоустройство
Приложение университета вылетает на телефоне. Спасибо.,IT-поддержка
"Здравствуйте! Я студент 4 курса, Экономика. Как заказать справку для военкомата.",Справки и документы
"Добрый вечер! Не понимаю, до какого числа принимают документы абитуриентов Жду ответа.",Приёмная комиссия
"Добрый вечер! Я студент 1 курса, Экономика. Почему выролса стоимость обучения по договору?",Бухгалтерия
"Уважаемые коллеги, Учусь дистанционно. Подскажите, меня не допустили к пересдаче по машинному обучению, что делать Срочно!",Деканат
Добрый день. Номер договора 69893. Нет доступа к электронной библиотеке? Срочно!,IT-поддержка
"Привет. Учусь на заочной форме. Не понимаю, не пришел чек об оплате семестра?",Бухгалтерия
"Я студент 2 курса, Бизнес-информатика. Подскажите, где посмотреть расписание сессии",Учебный отдел
"Уважаемые коллеги, Учусь на заочной форме. Не понимаю, в расписании стоят две пары одновременно, какая правильная. Жду ответа.",Учебный отдел
"Добрый день. Пишу уже второй раз. Подскажите, учитвыаются ли индивидуальные достижения при поступлении Спасибо.",Приёмная комиссия
"Учусь на заочной форме. Не понимаю, можно ли оплатить обучение материнским капиталом Буду благодарен за помощь.",Бухгалтерия
"Номер договора 28029. Подскажите, можно ли оформить рассрочку оплаты обучения.",Бухгалтерия
Добрый день. Учусь дистанционно. Как восстановиться после отчисления? Жду ответа.,Деканат
"Уважаемые коллеги, Подскажите, как оформить материальную помощь",Студенческий офис
"Привет. Скажите пожалуйста, нужна справка-вызов для работодателя на сессию.",Справки и документы
Здравствуйте! Пишу уже второй раз. У меня вопрос: учитываются ли индивидуальные достижения при поступлении. Заранее спасибо!,Бухгалтерия
"Привет. Учусь на заочной форме. Подскажите, как получить приложение к диплому на английксом Срочно!",Справки и документы
"Здравствуйте! Номер договора 39634. Скажите пожалуйста, хочу поступить на направление Реклама и связи с общественностью, какие вступительные испытания.",Приёмная комиссия
Добрый вечер! Учусь на заочной форме. У меня вопрос: нужна справка-вызов для работодателя на сессию,Справки и документы
Учусь дистанционно. Тест по философии завис и не засчитал ответы. Буду благодарен за помощь.,IT-поддержка
"Учусь дистанционно. Не понимаю, не могу прикрепить файл с работой, выдает ошибку Спасибо.",IT-поддержка
"Здравствуйте! Я студент 3 курса, Бизнес-информатика. У меня вопрос: перенесли занятие по праву, какое новое время? Жду ответа.",Учебный отдел
"Здравствуйте! Скажите пожалуйста, оплатил обучение, но в личном кабинете висит задолженность. Срочно!",Бухгалтерия
"Здравствуйте! Учусь на заочной форме. Подскажите, не могу найти список литературы по высшей математике? Заранее спасибо!",Учебный отдел
"Привет. Скажите пожалуйста, я абитуриент, как узнать свое место в конкурсном списке Спасибо.",Приёмная комиссия
"Подскажите, не отображается оценка по праву в зачетной книжке Спасибо.",Учебный отдел
Кто подписывает дневник практики?,Практика и трудоустройство
Привет. У меня вопрос: преподаватель по истории России не выставил оценку в ведомость.,Учебный отдел
"Уважаемые коллеги, Я студент 3 курса, Психология. Сколько делается справка об обучении?",Справки и документы
"Учусь на заочной форме. Подскажите, нужна справка-вызов для работодателя на сессию Срочно!",Справки и документы
"Я студент 4 курса, Реклама и связи с общественностью. Как восстановить пароль от личного кабинета. Спасибо.",IT-поддержка
"Привет. Подскажите, платеж прошел дважды, верните лишнюю сумму Буду благодарен за помощь.",Бухгалтерия
"Привет. Подскажите, где посмотреть расписание сессии. Срочно!",Учебный отдел
"Добрый вечер! Подскажите, не пирходит код подтверждения на почту?",IT-поддержка
"Добрый день. Учусь дистанционно. Не понимаю, нужна академическая справка? Жду ответа.",Справки и документы
"Я студент 3 курса, Менеджмент. Как заселиться в общежитие Жду ответа.",Студенческий офис
"Добрый вечер! Помогите, оплатил обучение, но в личном кабинете висит задолженность? Срочно!",Бухгалтерия
"Добрый день. Я студент 5 курса, Менеджмент. Есть ли бюджетные места на Менеджмент",Приёмная комиссия
"Пишу уже второй раз. Подскажите, как попасть на стажировку в компанию-партнер Спасибо.",Практика и трудоустройство
Добрый день. Учусь на заочной форме. Когда начинается следующий семестр? Заранее спасибо!,Учебный отдел
"Добрый вечер! Номер договора 19975. Не понимаю, сколько делается справка об обучении.",Справки и документы
Номер договора 73092. Хочу перевестись с направления Юриспруденция на другое направление.,Деканат
"Здравствуйте! Скажите пожалуйста, потерял студенческий билет, как восстановить Заранее спасибо!",Справки и документы
Пишу уже второй раз. Как получить копию договора на обучение и акт об оплате. Срочно!,Бухгалтерия
"Уважаемые коллеги, Я студент 2 курса, Психология. Скажите пожалуйста, есть ли вакансии для студентов направления Психология. Жду ответа.",Практика и трудоустройство
"Добрый вечер! Учусь на заочной форме. Скажите пожалуйста, у меня академическая задолженность по экономике, какие сроки ликвидации. Спасибо.",Деканат
"Уважаемые коллеги, Учусь на заочной форме. Подскажите, как оформить студенческий проездной",Студенческий офис
Хочу сменить научного руководителя курсовой работы? Заранее спасибо!,Деканат
"Уважаемые коллеги, Учусь дистанционно. Скажите пожалуйста, потерял студенческий билет, как восстановить. Спасибо.",Справки и документы
Здравствуйте! Учусь на заочной форме. Можно ли оплатить обучение материнским капиталом.,Бухгалтерия
"Учусь на заочной форме. Подскажите, приложение университета вылетает на телефоне Жду ответа.",IT-поддержка
"Не понимаю, нужна справка для налогового вычета за обучение?",Бухгалтерия
"Добрый день. Подскажите, пропал звук на онлайн лекции по экономике? Заранее спасибо!",IT-поддержка
"Уважаемые коллеги, Не могу найти список литературы по машинному обучению",Учебный отдел
"Уважаемые коллеги, Как записаться на пересдачу по программированию на Python Срочно!",Приёмная комиссия
Привет. Когда будут результаты вступительного экзамена? Заранее спасибо!,Приёмная комиссия
Учусь на заочной форме. Нужны реквизиты для оплаты обучения от организации? Спасибо.,Бухгалтерия
Здравствуйте! Номер договора 89291. Когда будет день открытых дверей. Заранее спасибо!,Справки и документы
Добрый вечер! Учусь дистанционно. Как получить дубилкат диплома. Буду благодарен за помощь.,Справки и документы
"Не понимаю, нужна справка о периоде обучения Жду ответа.",Справки и документы
"Учусь дистанционно. Подскажите, как получить приложение к диплому на английском Жду ответа.",Справки и документы
"Добрый день. Учусь дистанционно. Скажите пожалуйста, до какого числа принимают документы абитуриентов?",Приёмная комиссия
Добрый вечер! Учусь на заочной форме. Как попасть в студенческий театр. Спасибо.,Студенческий офис
"Учусь дистанционно. Помогите, кто подписывает дневник практики? Заранее спасибо!",Практика и трудоустройство
"Учусь на заочной форме. Подскажите, когда сдавать отчет по преддипломной практике. Срочно!",Практика и трудоустройство
"Учусь на заочной форме. Подскажите, нужна справка об обучении для работы.",Справки и документы
"Уважаемые коллеги, Нужно индивидуальное задание на праткику. Заранее спасибо!",Практика и трудоустройство
"Я студент 1 курса, Психология. Я абитуриент, как унзать свое место в конкурсном списке Заранее спасибо!",Приёмная комиссия
"Добрый день. Учусь на заочной форме. Скажите пожалуйста, платеж прошел дважды, верните лишнюю сумму?",Бухгалтерия
"Пишу уже второй раз. У меня вопрос: не открывается вебинар, черный экран.",IT-поддержка
Здравствуйте! Нужно индивидуальное задание на практику Буду благодарен за помощь.,Практика и трудоустройство
"Здравствуйте! Я студент 5 курса, Прикладная информатика. Подскажите, хочу поступить в магистартуру, какие нужны документы Спасибо.",Приёмная комиссия
"Добрый вечер! У меня вопрос: нужна справка для пенсионного фонда, что я учусь очно? Срочно!",Справки и документы
"Добрый день. Учусь дистанционно. Подскажите, платеж прошел дважды, верните лишнюю сумму",Бухгалтерия
"Добрый вечер! Учусь дистанционно. Не понимаю, в общежитии не работает отопление. Буду благодарен за помощь.",Студенческий офис
"Я студент 3 курса, Юриспруденция. Помогите, не приходит код подтверждения на почту?",IT-поддержка
"Добрый вечер! Учусь на заочной форме. Скажите пожалуйста, как получить дубликат диплома. Заранее спасибо!",Справки и документы
"Привет. Учусь на заочной форме. Подскажите, нет доступа к электрононй библиотеке? Срочно!",IT-поддержка
"Привет. Пишу уже второй раз. Подскажите, не могу войти в личный кабинет, пишет неверный пароль? Спасибо.",IT-поддержка
"Скажите пожалуйста, хочу забрать оригинал аттестата из архива? Срочно!",Справки и документы
Нужны реквизиты для оплаты обучения от организации Заранее спасибо!,Бухгалтерия
"Добрый день. Не понимаю, оплатил обучение, но в личном кабинете висит задолженность? Буду благодарен за помощь.",Бухгалтерия
"Привет. Номер договора 52464. Подскажите, как завертиь копию зачетной книжки. Жду ответа.",Справки и документы
"Привет. Скажите пожалуйста, как заселиться в общежитие.",Студенческий офис
"Здравствуйте! Подскажите, в LMS не загружается задание по истории России Срочно!",IT-поддержка
Добрый вечер! Сайт выдает ошибку 500 при вхдое. Спасибо.,IT-поддержка
"Уважаемые коллеги, Пишу уже второй раз. У меня вопрос: как заселиться в общежитие. Заранее спасибо!",Студенческий офис
"Привет. Учусь дистанционно. Помогите, не могу прикрепить файл с работой, выдает ошибку?",IT-поддержка
"Привет. Помогите, есть ли волонтерские программы? Заранее спасибо!",Студенческий офис
"Уважаемые коллеги, Номер договора 54544. У меня вопрос: не открывается вебинар, черный экран?",IT-поддержка
"Учусь дистанционно. Не понимаю, платеж прошел дважды, верните лишнюю сумму.",Бухгалтерия
"Добрый вечер! Не понимаю, оплатил обучение, но в личном кабинете висит задолженность Заранее спасибо!",Бухгалтерия
"Учусь на заочной форме. Скажите опжалуйста, как оформить скидку на обучение для многодетной семьи? Заранее спасибо!",Бухгалтерия
"Здравствуйте! Я студент 4 курса, Психология. У меня вопрос: хочу поступить в магистратуру, какие нужны документы Срочно!",Приёмная комиссия
"Привет. Учусь на заочной форме. Не открывается вебинар, черный экран. Спасибо.",IT-поддержка
"Здравствуйте! Пишу уже второй раз. Не понимаю, как офромить материальную помощь? Срочно!",Студенческий офис
"У меня вопрос: нужна справка для пенсионного фонда, что я учусь очно? Заранее спасибо!",Справки и документы
Номер договора 74493. Есть ли бюджетные места на Прикладная информатика?,Приёмная комиссия
"Здравствуйте! Учусь дистанционно. Подскажите, когда убдет экзамен по маркетингу Заранее спасибо!",Учебный отдел
"Здравствуйте! Номер договора 29476. Скажите пожалуйста, как перевестись с очной формы обучения на заочную Заранее спасибо!",Деканат
"Скажите пожалуйста, перенесли занятие по маркетингу, какое новое время. Срочно!",Учебный отдел
"Подскажите, меня не допустили к пересдаче по праву, что делаьт? Жду ответа.",Деканат
Здравствуйте! Учусь на заочной форме. Как оформить материальную помощь? Срочно!,Студенческий офис
"Добрый день. Учусь дистанционно. Помогите, платеж прошел дважды, верните лишнюю сумму Буду благодарен за помощь.",Бухгалтерия
"Добрый вечер! Пишу уже второй раз. Помогите, когда будет посвящение в студенты",Студенческий офис
"Я студент 3 курса, Менеджмент. Скажите пожалуйста, хочу перевестись с направления Менеджмент на другое направление Спасибо.",Деканат
Здравствуйте! Номер договора 35124. У меня вопрос: нужна справка для налогового вычета за обучение. Буду благодарен за помощь.,Бухгалтерия
Добрый день. Учусь на заочной форме. Сколько зачетных единиц в семестре на 5 курсе? Срочно!,Учебный отдел
"Я студент 2 курса, Прикладная информатика. Как попасть в студенческий театр Жду ответа.",Студенческий офис
"Добрый день. Учусь дистанционно. Не понимаю, хочу оформить академический отпуск, какие документы нужны. Заранее спасибо!",Деканат
Преподаватель по истории России не выставил оценку в ведомость,Учебный отдел
Привет. Как получить приложение к диплому на английском? Буду благодарен за помощь.,Справки и документы
"Добрый день. Учусь дистанционно. Помогите, можно ли оплатить обучение материнским капиталом? Срочно!",Бухгалтерия
"Добрый день. Платеж прошел дважды, верните лишнюю сумму. Заранее спасибо!",Бухгалтерия
"Уважаемые коллеги, Номер договора 33950. Не понимаю, можно ли оформить рассрочку оплаты обучения? Заранее спасибо!",Бухгалтерия
"Здравствуйте! Я студент 1 курса, Прикладная информатика. Подскажите, как восстановить пароль от личного кабинета? Буду благодарен за помощь.",IT-поддержка
"Пишу уже второй раз. Скажите пожалуйста, нужан справка об обучении для работы. Срочно!",Справки и документы
"Добрый день. Не понимаю, как заселиться в общежитие? Жду ответа.",Студенческий офис
"Добрый день. Помогите, приложение университета вылетает на телефоне? Заранее спасибо!",IT-поддержка
"Не понимаю, можно ли пройти практику по месту работы",Практика и трудоустройство
Добрый вечер! У меня вопрос: как попасть в студенческий театр? Буду благодарен за помощь.,Студенческий офис
"Подскажите, хочу организовать студенческий клу.б Срочно!",Студенческий офис
"Уважаемые коллеги, Учусь дистанционно. Не понимаю, помогите осставить резюме для стажировки. Буду благодарен за помощь.",Студенческий офис
"Я студент 1 курса, Юриспруденция. Помогите, когда будет посвящение в студенты Спасибо.",Студенческий офис
"Здравствуйте! Номер договора 32760. Помогите, какие дисциплины по выбору есть на 5 курс?е Заранее спасибо!",Учебный отдел
"Добрый вечер! Помогите, как подключить корпоративную почту студента.",IT-поддержка
"Добрый вечер! Помогите, у меня академическая задолженность по программированию на Python, какие сроки ликвидации Спасибо.",Деканат
"Учусь дистанционно. Не понимаю, можно ли переселиться в другую комнату в общежитии Буду благодарен за помощь.",Студенческий офис
"Добрый день. Учусь дистанционно. Хочу поступить в магистратуру, какие нужны документы? Спасибо.",Приёмная комиссия
"Я студент 5 курса, Бизнес-информатика. Скажите пожалуйста, преподаватель по базам данных не выставил оценку в ведомость? Спасибо.",Учебный отдел
"Здравствуйте! Не понимаю, хочу организовать студенческий клуб. Заранее спасибо!",Студенческий офис
"Помогите, есть ли бюджетные места на Бизнес-информатика?",Приёмная комиссия
Добрый день. У меня вопрос: как получить разрешение на свободное посещение занятий? Спасибо.,Деканат
Добрый вечер! Номер договора 10841. Не приешл чек об оплате семестра. Буду благодарен за помощь.,Бухгалтерия
Добрый день. Пишу уже второй раз. Как подать документы на поступление онлайн. Буду благодарен за помощь.,Приёмная комиссия
"Добрый вечер! Учусь дистанционно. Не понимаю, хочу организовать студенческий клуб?",Студенческий офис
"Учусь на заочной форме. Не понимаю, оплатил обучение, но в личном кабинете висит задолженность? Спасибо.",Бухгалтерия
"Здравствуйте! Учусь на заочной форме. Не понимаю, нет доступа к электронной библиотеке?",IT-поддержка
"Помогите, можно ли поступить на второе высшее образование. Спасибо.",Приёмная комиссия
Добрый вечер! У меня вопрос: как оплатить обучение за следующий семестр. Спасибо.,Бухгалтерия
"Номер договора 37143. Не могу войти в личный кабниет, пишет неверный пароль Спасибо.",IT-поддержка
"Добрый вечер! Я студент 1 курса, Реклама и связи с общественностью. Не понимаю, как получить разрешение на свободное посещение занятий Заранее спасибо!",Деканат
"Учусь дистанционно. Не понимаю, хочу организовать студенческий клуб? Заранее спасибо!",Студенческий офис
"Учусь дистанционно. Подскажите, нужно индивидуальное задание на практику. Заранее спасибо!",Практика и трудоустройство
"Добрый вечер! Учусь дистанционно. Не понимаю, когда сдавать отчет по преддипломной практике. Заранее спасибо!",Практика и трудоустройство
Учусь на заочной форме. Не пришел чек об оплате семестра?,Бухгалтерия
Привет. Учусь на заочной форме. У меня вопрос: учитываются ли индивидуальные достижения при поступлении. Срочно!,Приёмная комиссия
"Пишу уже второй раз. Скажите пожалуйста, как подать документы на поступление онлайн. Заранее спасибо!",Приёмная комиссия
"Здравствуйте! Пишу уже второй раз. Не понимаю, как заказать справку для военкомата. Срочно!",Справки и документы
"Я студент 4 курса, Реклама и связи с общественностью. Помогите, тест по машинонму обучению завис и не засчитал ответы Срочно!",IT-поддержка
"Добрый вечер! Скажите пожалуйста, платеж прошел дважды, верните лишнюю сумму. Заранее спасибо!",Бухгалтерия
"Пишу уже второй раз. Не понимаю, в расписании стоят две пары одноверменно, какая правильная? Спасибо.",Учебный отдел
"Уважаемые коллеги, Номер договора 85938. Помогите, приложение университета вылетает на телефоне? Буду благодарен за помощь.",IT-поддержка
Здравствуйте! Учусь на заочной форме. Можно ли поступить на второе высшее образование.,Приёмная комиссия
"Уважаемые коллеги, Помогите, хочу организовать студенчсекий клуб",Студенческий офис
"Уважаемые коллеги, Не понимаю, хочу поступить на направление Экономика, какие вступительные испытания",Приёмная комиссия
"Добрый день. Я студент 1 курса, Психология. Помогите, пропал звук на онлайн лекции по высшей математике?",IT-поддержка
"Учусь дистанционно. Подскажите, как подключить корпораитвную почту студента. Жду ответа.",IT-поддержка
Добрый день. Пишу уже второй раз. Не пришел чек об оплает семестра? Спасибо.,Бухгалтерия
"Здравствуйте! Не понимаю, какой проходной балл был на Менеджмент в прошлом году",Приёмная комиссия
В общежитии не работает отопление?,Студенческий офис
"Привет. Номер договора 78259. Подскажите, когда будет ярмарка вакансий Спасибо.",Практика и трудоустройство
"Уважаемые коллеги, Я студент 1 курса, Прикладная информатика. Нужна справка для пенсионного фонда, что я учусь очно? Срочно!",Справки и документы
"Привет. Учусь на заочной форме. В расписании стоят две пары одновременно, какая правильная. Буду благодарен за помощь.",Учебный отдел
"Помогите, в общежитии не работает отопление. Спасибо.",Учебный отдел
Номер договора 84618. Нужна справка об обучении для работы. Жду ответа.,Справки и документы
Здравствуйте! У меня вопрос: когда будет посвящение в студенты,Студенческий офис
Кто подписывает дневник практики.,Практика и трудоустройство
"Не понимаю, перенесли занятие по маркетингу, какое новое время? Спасибо.",Учебный отдел
"Привет. Номер договора 71727. Скажите пожалуйста, когда будет экзамен по экономике",Учебный отдел
"Добрый день. Учусь на заочной форме. Не понимаю, когда будет посвящение в студенты Заранее спасибо!",Студенческий офис
"Подскажите, хочу перевестись с направления Менеджметн на другое направление? Заранее спасибо!",Деканат
Номер договора 70172. У меня ворпос: нет доступа к электронной библиотеке. Срочно!,IT-поддержка
"Привет. Учусь на заочной форме. Помогите, когда будут результаты вступительного экзамена? Заранее спасибо!",Приёмная комиссия
"Пишу уже второй раз. У меня вопрос: платеж прошел дважды, верните лишнюю сумму. Буду благодарен за помощь.",Бухгалтерия
Когда будут результаты вступительного экзамена? Буду благодарен за помощь.,Приёмная комиссия
Привет. Учусь на заочной форме. У меня вопрос: как подключить корпоративную почту студента. Спасибо.,IT-поддержка
"Добрый вечер! Учусь дистанционно. Подскажите, хочу перевестись с направления Менеджмент на другое направление Срочно!",Деканат
Привет. Хочу сменить научного руководителя курсовой работы? Жду ответа.,Деканат
"Здравствуйте! Номер договора 14257. Не понимаю, нужна справка о периоде обучения Спасибо.",Справки и документы
Как записаться в спортивную секцию. Спасибо.,Деканат
"Номер договора 70476. Подскажите, нужны реквизиты для оплаты обучения от организации? Срочно!",Бухгалтерия
"Добрый вечер! Номер договора 55178. Скажите пожалуйст,а нужна справка об обучении для работы Спасибо.",Студенческий офис
"Привет. Помогите, сайт выдает ошибку 500 при входе. Буду благодарен за помощь.",IT-поддержка
"Номер договора 94076. Не понимаю, хочу оформить академический отпуск, какие документы нужны Жду ответа.",Деканат
Пишу уже второй раз. Как подать документы на поступление онлайн Буду благодарен за помощь.,Приёмная комиссия
"Уважаемые коллеги, Учусь дистанционно. Хочу сменить научного руководителя курсовой работы?",Деканат
"Добрый вечер! Не понимаю, можно ли оформить рассрочку оплаты обучения.",Бухгалтерия
"Уважаемые коллеги, Можно ли оформить рассрочку оплаты обучения. Жду ответа.",Бухгалтерия
"Не понимаю, какой проходной балл был на Менеджмент в прошлом году. Жду ответа.",Приёмная комиссия
"Пишу уже второй раз. Платеж прошел дважды, верните лишнюю сумму Заранее спасибо!",Бухгалтерия
"Добрый день. Скажите пожалуйста, учитываются ли индивидуальные достижения при поступлении. Жду ответа.",Студенческий офис
Добрый вечер! У меня вопрос: склоько зачетных единиц в семестре на 2 курсе.,Учебный отдел
"Не понимаю, хочу перевестись с направления Психология на другое направление? Срочно!",Деканат
"Уважаемые коллеги, Как подать документы на поступление онлайн Срочно!",Приёмная комиссия
"Здравствуйте! Скажите пожалуйста, прошу продлить сессию по уважительной причине, есть больничный?",Деканат
"Добрый вечер! Я студент 3 курса, Бизнес-информатика. У меня вопрос: когда будут результаты вступительного экзамена.",Приёмная комиссия
"Не понимаю, можно ли оплатить обучение материнским капиталом",Бухгалтерия
Добрый вечер! У меня вопрос: хочу вступить в студенческий совет? Жду ответа.,Студенческий офис
"Помогите, хочу поступить на направление Экономика, какие вступительные испытания? Жду ответа.",Приёмная комиссия
"Я студент 3 курса, Экономика. Не понимаю, есть ли волонтерские программы? Буду благодарен за помощь.",Студенческий офис
Добрый вечер! Преподаватель по английскому языку не выставил оценку в ведомость? Заранее спасибо!,Учебный отдел
Добрый вечер! Где найти учебный план по направлению Менеджмент? Срочно!,Учебный отдел
"Добрый вечер! Учусь на заочной форме. Скажите пожалуйста, сколько делается справка об обучении?",Справки и документы
"Добрый вечер! Я студент 3 курса, Реклама и связи с общественностью. Помогите, как заказать справку для военкомата",Справки и документы
"Здравствуйте! Номер договора 68606. Меня не допустили к пересдаче по маркетингу, что делать Спасибо.",Деканат
Добрый вечер! Нужна академическая справка.,Справки и документы
"Уважаемые коллеги, Я студент 5 курса, Экономика. Не понимаю, как оформить скидку на обучение для многодентой семьи? Жду ответа.",Бухгалтерия
"Привет. Номер договора 23936. Скажите пожалуйста, сайт выдает ошибук 500 при входе.",IT-поддержка
У меня вопрос: можно ли поступить на второе высшее образование.,Приёмная комиссия
"Привет. Учусь на заочной форме. Помогите, где посмотреть расписание сессии? Спасибо.",Учебный отдел
"Уважаемые коллеги, Скажтие пожалуйста, как получить дубликат диплома",Справки и документы
Здравствуйте! Номер договора 38474. Нужон согласовать индивидуальный график обучения? Спасибо.,Деканат
"Добрый день. Я студент 5 курса, Экономика. Скажите пожалуйста, нужна справка для пенсионного фонда, что я учусь очно? Жду ответа.",Справки и документы
"Учусь дистанционно. Не понимаю, у меня академическая задолженность по философии, какие сроки ликвидации?",Деканат
"Я студент 2 курса, Менеджмент. Скажите пожалуйста, нужна академическая справка. Срочно!",Справки и документы
"Уважаемые коллеги, Где найти место для прохождения производственной практики. Заранее спасибо!",Практика и трудоустройство
Здравствуйте! У меня вопрос: как оформить материальную помощь Заранее спасибо!,Студенческий офис
"Добрый вечер! Помогите, у меня академическая задолженность по английскому языку, какие сроки ликвидации Буду благодарен за помощь.",Деканат
"Уважаемые коллеги, Учусь на заочной форме. Скажите пожалуйста, нет доступа к электронной библиотеке. Буду благодарен за помощь.",IT-поддержка
"Привет. Я студент 4 курса, Менеджмент. Когад будет день открытых дверей?",Приёмная комиссия
"Добрый вечер! Пишу уже второй раз. Подскажите, можно ли пройти практику по месту работы? Срочно!",Практика и трудоустройство
"Здравствуйте! Подскажите, можно ли перенести сроки учебной практики. Буду благодарен за помощь.",Практика и трудоустройство
Здравствуйте! Как перевестись с очной формы обучения на заочную,Деканат
У меня вопрос: когда будет экзамен по экономике. Заранее спасибо!,Учебный отдел
Добрый день. Нужна справка для налогового вычета за обучение,Бухгалтерия
"Номер договора 91922. Скажите пожалуйста, нужна справка о периоде обучения? Жду ответа.",Справки и документы
"Скажите пожалуйста, можно ли переселиться в другую комнату в общежитии? Жду ответа.",Студенческий офис
"Уважаемые коллеги, Скажите пожалуйста, когда будет посвящение в студенты Срочно!",Студенческий офис
"Уважаемые коллеги, Я студент 3 курса, Менеджмент. Преподаватель по менеджменту не выставил оценку в ведомость? Буду благодарен за помощь.",Учебный отдел
"Привет. Помогите, как записаться в спортивную секцию",Студенческий офис
"Привет. Учусь на заочной форме. У меня вопрос: нужна справка для пенсионного фонда, что я учусь очно. Жду ответа.",Справки и документы
Сколько зачетных единиц в семестре на 3 курсе? Срочно!,Учебный отдел
"Добрый день. Учусь дистанционно. Помогите, как оформить материальную помощь? Буду благодарен за помощь.",Студенческий офис
"Привет. Учусь дистанционно. Подскажите, прошу продлить сессию по уважительной причине, есть больничный Срочно!",Деканат
"Привет. Пишу уже второй раз. Помогите, у меня академическая задолженность по базам данных, какие сроки ликвидации?",Деканат
"Привет. У меня вопрос: перенесли занятие по английскому языку, какое новое время?",Учебный отдел
"Добрый вечер! Подскажите, как заверить копию зачетной книжки. Буду благодарен за помощь.",Справки и документы
Учусь дистанционно. Когда будет посвящение в студенты Спасибо.,Студенческий офис
"Привет. Я студент 3 курса, Юриспруденция. У меня вопрос: не могу прикрепить файл с работой, выдает ошибку? Жду ответа.",IT-поддержка
"Добрый вечер! Не понимаю, не приходит код подтвержднеия на почту? Спасибо.",IT-поддержка
Здравствуйте! Нужно индивидуальное задание на практику Жду ответа.,Практика и трудоустройство
"Добрый вечер! Не понимаю, я абитуриент, как узнать свое место в конкурсном списке Заранее спасибо!",Приёмная комиссия
"Уважаемые коллеги, У меня вопрос: когда будет ярмарка вакансий Срочно!",Практика и трудоустройство
"Добрый вечер! Скажите пожалуйста, преподаватель по праву не выставил оценку в ведомость? Буду благодарен за помощь.",Учебный отдел
Привет. Номер договора 87709. Можно ли поступить на второе высшее образование. Спасибо.,Приёмная комиссия
"Привет. Учусь на заочной форме. Скажите пожалуйста, можно ли поступить на второе высшее образование. Срочно!",Приёмная комиссия
"Учусь на заочной форме. Подскажите, прошу продлить сессию по уважительной причине, есть больничный Заранее спасибо!",Деканат
"Пишу уже второй раз. Скаижте пожалуйста, когда будет день открытых дверей. Заранее спасибо!",Приёмная комиссия
"Добрый вечер! Пишу уже второй раз. Подскажите, как заверить копию зачетной книжки.",Справки и документы
"Скажите пожалуйста, когда будет ярмарка вакансий. Жду ответа.",Практика и трудоустройство
"Уважаемые коллеги, Пишу уже второй раз. Как восстановить пароль от личного кабинета Спасибо.",IT-поддержка
"Подскажите, хочу организовать студенческий клуб? Буду благодарен за помощь.",Студенческий офис
"Учусь дистанционно. Не понимаю, нужна справка для пенсионного фонда, что я учусь очно. Срочно!",Справки и документы
"Добрый вечер! Пишу уже второй раз. Помогите, пропал звук на онлайн лекции по английскому языку? Буду благодарен за помощь.",IT-поддержка
"Привет. Учусь дистанционно. Скажите пожалуйста, когда сдавать отчет по преддипломной практике",Практика и трудоустройство
"Уважаемые коллеги, Пишу уже второй раз. Не понимаю, какие дисциплины по выбору есть на 2 курсе? Заранее спасибо!",Учебный отдел
"Здравствуйте! Помогите, хочу перевестись с направления Юриспруденция на другое направление? Жду ответа.",Деканат
"Учусь дистанционно. Скажите пожалуйста, как заказать справку для военкомата. Жду ответа.",Справки и документы
"Привет. Помогите, в общежитии не работает отопление. Срочно!",Студенческий офис
"Привет. Я студент 3 курса, Психология. Подскажите, как оплатить обучение за следующий семестр Спасибо.",Бухгалтерия
Привет. У меня вопрос: как переветсись с очной формы обучения на заочную? Буду благодарен за помощь.,Деканат
"Уважаемые коллеги, Учусь на заочной форме. Подскажите, я абитуриент, как узнать свое место в конкурсном списке? Заранее спасибо!",Приёмная комиссия
"Я студент 5 курса, Экономика. Скажите пожалуйста, когда будет ярмарка вакансий Заранее спасибо!",Бухгалтерия
"Привет. Я студент 3 курса, Юриспруденция. Как оформить материальную помощ.ь",Студенческий офис
"Пишу уже второй раз. Скажите пожалуйста, учитываются ли индивидуальные достижения при поступлении Срочно!",Приёмная комиссия
"Учусь на заочной форме. Скажите пожалуйста, в LMS не загружается задание по менеджменту?",IT-поддержка
"Привет. Не понимаю, как подключить корпоративную потчу студента. Заранее спасибо!",IT-поддержка
"Привет. У меня академическая задолженность по философии, какие сроки ликвидации? Жду ответа.",Деканат
Как заверить копию зачетной книжки Спасибо.,Справки и документы
Добрый день. У меня вопрос: когда будет день открытых дверей. Жду ответа.,Приёмная комиссия
"Уважаемые коллеги, Я студент 1 курса, Бизнес-информатика. Скажите пожалуйста, хочу подать заявление на перевод в другой вуз. Буду благодарен за помощь.",Деканат
Номер договора 10452. Можно ли переселиться в другую комнату в общежитии Срочно!,Студенческий офис
Добрый вечер! Есть ли бюждетные места на Реклама и связи с общественностью?,Приёмная комиссия
Добрый день. Номер договора 17779. У меня вопрос: сколько стоит проживание в общежитии?,Приёмная комиссия
"Учусь на заочной форме. Не могу войти в личный кабинет, пишет неверный пароль? Срочно!",IT-поддержка
Хочу вернуть деньги за обучение после отчисления Спасибо.,Бухгалтерия
"Привет. Номер договора 95089. Не понимаю, оплатил обучение, но в личном кабинете висит задолженность? Срочно!",Бухгалтерия
Не могу найти псисок литературы по истории России. Срочно!,Учебный отдел
"Добрый вечер! Учусь на заочной форме. Скажите пожалуйста, в расписании стоят две пары одновременно, какая правильная Заранее спасибо!",Учебный отдел
"Здравствуйте! Помогите, кто подписывает дневник практики?",Практика и трудоустройство
Добрый день. Учусь на заочной форме. Где найти учебный план по направлению Прикладная информатика? Срочно!,Учебный отдел
"Добрый день. Подскажите, как оплатить обучение за следующий семестр Заранее спасибо!",Бухгалтерия
"Здравствуйте! Я студент 1 курса, Менеджмент. До какого числа принимают документы абитуриентов. Жду ответа.",Приёмная комиссия
"Скажите пожалуйста, когда будут результаты вступительного экзамена? Заранее спасибо!",Приёмная комиссия
Учусь дистанционно. У меня вопрос: как заказать справку для военкомата? Спасибо.,Справки и документы
Добрый день. Учусь на заочной форме. У меня вопрос: есть ли бюджетные места на Психология Спасибо.,Приёмная комиссия
"Учусь на заочной форме. Подскажите, перенесли занятие по английскому языку, какое новое время. Жду ответа.",Учебный отдел
"Уважаемые коллеги, Учусь на заочной форме. Подскажите, можно ли оплатить обучение материнским капиталом.",Бухгалтерия
"Добрый вечер! Учусь дистанционно. Не понимаю, где найти место для прохождения производственной практики Спасибо.",Практика и трудоустройство
Хочу перевестись с направления Экономика на другое направление,Деканат
"Уважаемые коллеги, Пишу уже второй раз. Скажите пожалуйста, как попасть на стажировку в компанию-партнер? Буду благодарен за помощь.",Практика и трудоустройство
"Добрый день. Подскажите, нужна академическяа справка",Справки и документы
Добрый день. У меня вопрос: сколько стоит проживание в общежитии? Буду благодарен за помощь.,Студенческий офис
"Уважаемые коллеги, Пишу уже второй раз. Скажите пожалуйста, платеж прошел дважды, верните лишнюю сумму? Жду ответа.",Бухгалтерия
"Добрый день. Помогите, когда будут результаты вступительного экзамена Заранее спасибо!",Приёмная комиссия
"Уважаемые коллеги, Подскажите, как перевестись с очной формы обучения на заочную? Буду благодарен за помощь.",Деканат
"Уважаемые коллеги, Учусь на заочной форме. У меня вопрос: когда будет ярмарка вакансий. Заранее спасибо!",Практика и трудоустройство
"Уважаемые коллеги, Учусь на заочной форме. Скажите пожалуйста, как заселиться в общежитие. Заранее спасибо!",Студенческий офис
"Здравствуйте! Учусь дистанционно. Скажите пожалуйста, учитываются ли индивидуальные достижения при поступлении Буду благодарен за помощь.",Приёмная комиссия
"Не понимаю, можно ли оплатить обучение материнским капиталом? Заранее спасибо!",Бухгалтерия
Учусь на заочной форме. Нужна справка для налоговоог вычета за обучение Заранее спасибо!,Бухгалтерия
"Здравствуйте! Учусь дистанционно. Подскажите, оплатил обучение, но в личном кабинете висит задолженность.",Бухгалтерия
"Уважаемые коллеги, Учусь на заочной форме. Скажите пожалуйста, когда будут результаты вступительного экзамена? Срочно!",Приёмная комиссия
Хочу вступить в студенческий совет.,Студенческий офис
"Учусь дистанционно. Не понимаю, у меня академическая задолженность по машинному обучению, какие сроки ликвидации Срочно!",Деканат
Здравствуйте! Хочу сменить научного руководителя курсовйо работы. Буду благодарен за помощь.,Деканат
"Уважаемые коллеги, Учусь дистанционно. Не понимаю, нужны реквизиты для оплаты обучения от организации",Бухгалтерия
"Привет. Учусь на заочной форме. Скажите пожалуйста, хочу перевестись с напралвения Менеджмент на другое направление Спасибо.",Деканат
"Не понимаю, приложение университета вылетает на телефоне? Буду благодарен за помощь.",IT-поддержка
"Уважаемые коллеги, У меня вопрос: не отображается оценка по истории России в зачетной книжке?",Учебный отдел
"Добрый день. Учусь дистанционно. Скжаите пожалуйста, когда будет защита курсовых работ? Срочно!",Учебный отдел
Добрый вечер! Можно ли поступить без ЕГЭ после колледжа? Спасибо.,Приёмная комиссия
Добрый вечер! Помогите составить резюме для стажировки Заранее спасибо!,Практика и трудоустройство
"Добрый вечер! Учусь на заочной форме. Скажите пожалуйста, в общежитии не работает отопление Срочно!",Студенческий офис
"Пишу уже второй раз. У меня вопрос: потерял студенческий билет, как восстановить. Жду ответа.",Справки и документы
Добрый день. Учусь на заочной форме. Нужна псравка для налогового вычета за обучение?,Бухгалтерия
Добрый день. Не пришел чек об оплате семестра. Срочно!,Бухгалтерия
"Уважаемые коллеги, Когда начинается следующий семестр. Спасибо.",Учебный отдел
Добрый день. Сколько делается справка об обучении Буду благодарен за помощь.,Справки и документы
"Здравствуйте! У меня вопрос: перенесли занятие по высшей математике, какое новое время? Спасибо.",Учебный отдел
"Добрый вечер! Номер договора 36097. Подскажите, где посмотреть расписание сессии. Буду благодарен за помощь.",Учебный отдел
"Добрый день. Подскажите, можно ли поступить на второе высшее образование? Буду благодарен за помощь.",Приёмная комиссия
Номер договора 34323. Сайт выдает ошибку 500 при входе Срочно!,IT-поддержка
Здравствуйте! Номер договора 77300. Есть ли бюджетные места на Юриспруденция.,Приёмная комиссия
"Уважаемые коллеги, Скажите пожалуйста, нужна академическая справка Жду ответа.",Справки и документы
"Добрый вечер! Пишу уже второй раз. Подскажите, хочу подать заявление на перевод в другой вуз. Спасибо.",Деканат
"Здравствуйте! Скажите пожалуйста, сколько стоит проживание в общежитии Буду благодарен за помощь.",Студенческий офис
"Уважаемые коллеги, Учусь на заочной форме. Как подать документы на поступление онлайн.",Приёмная комиссия
У меня вопро:с можно ли поступить на второе высшее образование.,Приёмная комиссия
"Уважаемые коллеги, Учусь дистанционно. Помогите, когда будут результаты вступительного экзамена. Заранее спасибо!",Приёмная комиссия
"Номер договора 57298. Не понимаю, можно ли поступить без ЕГЭ после колледжа?",Приёмная комиссия
Привет. Пишу уже второй раз. Есть ли волонтерские программы Спасибо.,Студенческий офис
Привет. Пропал звук на онлайн лекции по экономике? Жду ответа.,IT-поддержка
"Уважаемые коллеги, Номер договора 94136. Подскажите, прошу продлить сессию по уважительной причине, есть больничный. Спасибо.",Деканат
"Уважаемые коллеги, Учусь на заочной форме. Подскажите, хочу перевестись с направления Прикладная информатика на другое направление. Спасибо.",Деканат
Привет. Хочу организовать студенческий клуб. Срочно!,Студенческий офис
Привет. Пишу уже второй раз. Как перевестись с очной формы обучения на заочную,Деканат
Привет. У меня вопрос: до какого числа принимают документы абитуриентов. Заранее спасибо!,Приёмная комиссия
"Здравствуйте! Пишу уже второй раз. Скажите пожалуйста, помогите составить резюме для стажировки? Спасибо.",Практика и трудоустройство
"Привет. Учусь дистанционно. Скажите пожалуйста, не пришел чек об оплате семестра.",Бухгалтерия
"Привет. Не понимаю, есть ли вакансии для студентов направления Психология? Спасибо.",Практика и трудоустройство
"Добрый вечер! Помогите, как попасть в студенческий театр?",Студенческий офис
"Добрый день. Не понимаю, нужны реквизиты для оплаты обучения от организации Срочно!",Бухгалтерия
Учусь дистанционно. У меня вопрос: как записаться в спортивную секцию?,Студенческий офис
"Добрый день. Номер договора 71067. Помогите, хочу вступить в студенческий освет Буду благодарен за помощь.",Студенческий офис
"Добрый вечер! Номер договора 88326. Скажите пожалуйста, сколько зачетных единиц в семестре на 5 курсе Жду ответа.",Учебный отдел
"Уважаемые коллеги, Учусь дистанционно. У меня вопрос: как записаться в спортивную секцию? Срочно!",Студенческий офис
"Уважаемые коллеги, Подскажите, есть ли волонтерские программы. Заранее спасибо!",Студенческий офис
"Добрый вечер! Пишу уже второй раз. Помогите, нунжы реквизиты для оплаты обучения от организации. Спасибо.",Бухгалтерия
"Добрый вечер! Скажите пожалуйста, учитываются ли индивидуальные достижения при поступлении",Приёмная комиссия
"Добрый вечер! Не понимаю, как заселиться в общежитие.",Студенческий офис
"Уважаемые коллеги, Скажите пожалуйста, помогите составить резюме для стажировки?",Практика и трудоустройство
"Привет. Я студент 2 курса, Прикладная информатика. У меня вопрос: нужна справка для пенсионного фонда, что я учусь очно? Жду ответа.",Справки и документы
"Я студент 4 курса, Юриспруденция. Подскажите, когда будет экзамен по экономике? Жду ответа.",Учебный отдел
"Привет. Учусь дистанционно. Помогите, не пришел чек об оплате семестра.",Бухгалтерия
"Добрый день. Номер договора 88622. Скажите пожалуйста, как заселиться в общежитие? Заранее спасибо!",Студенческий офис
"Уважаемые коллеги, Пишу уже второй раз. Помогите, нужно согласовать индивидуальный график обучения?",Деканат
"Добрый день. Номер договора 26350. Помогите, хочу поступить на направление Менеджмент, какие вступительные испытания. Заранее спасибо!",Приёмная комиссия
"Уважаемые коллеги, Я студент 1 курса, Реклама и связи с общественностью. У меня вопрос: как заселиться в общежитие",Студенческий офис
Учусь на заочной форме. У меня вопрос: как оформить договор на практику с организацией. Заранее спасибо!,Практика и трудоустройство
"Добрый вечер! Учусь дистанционно. Скажите пожалуйста, оплатил обучение, но в личном кабинете висит задолженность?",Бухгалтерия
Можно ли поступить без ЕГЭ после колледжа Заранее спасибо!,Приёмная комиссия
Добрый вечер! Пишу уже второй раз. Как подключить корпоративную почту студента Заранее спасибо!,IT-поддержка
Привет. Номер договора 83339. Как перевестись с очной формы обучения на заочную,Деканат
"Я студент 1 курса, Психология. У меня вопрос: можно ли поступить на второе высшее образование Жду ответа.",Деканат
"Скажите пожалуйста, пропал звук на онлайн лекции по программированию на Python",IT-поддержка
"Привет. Учусь на заочной форме. Помогите, нужна справка-вызов для работодателя на сессию Жду ответа.",Справки и документы
"Добрый вечер! Номер договора 83488. У меня вопрос: не могу прикрепить файл с работой, выдает ошибку",IT-поддержка
"Номер договора 58110. Не понимаю, хочу поступить в магистратуру, какие нужны документы? Заранее спасибо!",Приёмная комиссия
"Я студент 3 курса, Прикладная информатика. Скажите пожалуйста, нужно индивидуальное задание на практику",Практика и трудоустройство
"Добрый вечер! Пишу уже второй раз. Не понимаю, не пришел чек об полате семестра",Бухгалтерия
"Добрый вечер! Номер договора 11824. Подскажите, как восстановиться полсе отчисления Срочно!",Деканат
"Здравствуйте! Учусь дистанционно. В расписании стоят две пары одновременно, какая правильная Буду благодарен за помощь.",Учебный отдел
Здравствуйте! Учусь на заочной форме. У меня вопрос: можно ли поступить без ЕГЭ после колледжа,Приёмная комиссия
Добрый вечер! Как получить разрешение на свободное посещение занятий?,Деканат
"Добрый вечер! Подскажите, прошу продлить сессию по уважительной причине, есть больничный Срочно!",Деканат
"Добрый день. Учусь дистанционно. Помогите, не могу прикрепить файл с работой, выдает ошибку Срочно!",IT-поддержка
"Уважаемые коллеги, Пишу уже второй раз. оПмогите, хочу перевестись с направления Экономика на другое направление",Деканат
"Добрый день. Учусь дистанционно. Подскажите, когда начинается следующий семестр? Заранее спасибо!",Учебный отдел
"Здравствуйте! Пишу уже второй раз. Подскажите, до какого числа принимают документы абитуриентов.",Приёмная комиссия
"Номер договора 87070. Подскажите, сколько стоит проживание в общежитии.",Студенческий офис
"Учусь на заочной форме. Помогите, у меня академическая задолженность по истории России, какие сроки ликвидации?",Деканат
Учусь дистанционно. Есть ли вакансии для студентов направления Реклама и связи с общественностью.,Практика и трудоустройство
"Уважаемые коллеги, Я студент 4 курса, Менеджмент. Помогите, перенесли занятие по высшей математике, какое новое время",Учебный отдел
"Привет. Не понимаю, в общежитии не арботает отопление. Буду благодарен за помощь.",Студенческий офис
"Уважаемые коллеги, Пишу уже второй раз. Помогите, нужна справка для пенсионного фонда, что я учусь очно. Заранее спасибо!",Справки и документы
"Помогите, можно ли оплатить обучение материнским капиталом Буду благодарен за помощь.",Бухгалтерия
"Здравствуйте! Учусь на заочной форме. Не понимаю, у меня академическая задолженность по английскому языку, какие сроки ликвидации? Буду благодарен за помощь.",Деканат
"Привет. Номер договора 31061. Помогите, когда будут результаты вступительного экзамена. Срочно!",Студенческий офис
Добрый вечер! Пропал звук на онлайн лекции по статистике? Буду благодарен за помощь.,IT-поддержка
"Привет. Подскажите, как получить приложение к диплому на английском Спасибо.",Справки и документы
Здравствуйте! У меня вопрос: как подключить корпоративную почту студенат,IT-поддержка
"Привет. Не понима,ю можно ли поступить на второе высшее образование.",Приёмная комиссия
"Привет. Номер договора 69311. Подскажите, как получить приложение к диплому на английском Заранее спасибо!",Справки и документы
"Привет. Подскажите, какой проходной балл был на Экономика в прошлом году. Срочно!",Приёмная комиссия
"Привет. Учусь дистанционно. Подскажите, помогите составить резюме для стажировки",Практика и трудоустройство
"Номер договора 16822. Не понимаю, как получить дубликат диплома. Жду ответа.",Справки и документы
"Учусь на заочной форме. Подскажите, хочу организовать студенческий клуб? Заранее спасибо!",Студенческий офис
"Учусь дистанционно. Помогите, у меня академическая задолженность по маркетингу, какие сроки ликвидации? Спасибо.",Деканат
Привет. Учусь дистанционно. Не пришел чек об оплате семесрта,Бухгалтерия
"Привет. Пишу уже второй раз. Не понимаю, когда будет день открытых двеерй. Жду ответа.",Приёмная комиссия
"Пишу уже второй раз. У меня академическая задолженность по истории России, какие сроки ликвидации. Срочно!",Деканат
"Уважаемые коллеги, У меня вопрос: кто подписывает дневник практики. Срочно!",Практика и трудоустройство
"Добрый день. Учусь дистанционно. Не понимаю, хочу поступить в магистратуру, какие нужны документы Буду благодарен за помощь.",Приёмная комиссия
"Номер договора 77559. Помогите, я абитуриент, как узнать свое место в конкурсном списке.",Приёмная комиссия
"Номер договора 80570. Не понимаю, как получить копию договора на обучение и акт об оплате.",Бухгалтерия
"Уважаемые коллеги, Номер договора 83359. У меня вопрос: нужна справка для пенсионного фонда, что я учусь очно? Жду ответа.",Справки и документы
Привет. Пишу уже второй раз. Почему выролса стоимость обучения по договору? Заранее спасибо!,Бухгалтерия
"Скажите пожалуйста, помогтие составить резюме для стажировки Жду ответа.",Практика и трудоустройство
"Уважаемые коллеги, Номер договора 67520. Помогите, можно ли оформить рассрочку оплаты обучения. Срочно!",Бухгалтерия
Номер договора 35277. Как получить дубликат диплома Заранее спасибо!,Справки и документы
"Уважаемые коллеги, Пишу уже второй раз. Хочу подать заявелние на перевод в другой вуз Спасибо.",Деканат
"Я студент 3 курса, Психология. Помогите, нужно согласовать индивидуальный график обучения.",Деканат
"Уважаемые коллеги, Подскажите, платеж прошел дважды, верните лишнюю сумму? Буду благодарен за помощь.",Бухгалтерия
"Уважаемые коллеги, Пишу уже второй раз. Скажите пожалуйста, преподаватель по английскому языку не выставил оценку в ведомость? Спасибо.",Учебный отдел
"Здравствуйте! Пишу уже второй раз. Не понимаю, когда будет посвящение в студенты. Заранее спасибо!",Студенческий офис
"Здравствуйте! Не понимаю, есть ли вакансии для студентов направления Реклама и связи с общественностью?",Практика и трудоустройство
"Добрый день. Помогите, хочу забрать оригинал аттестата из архива Буду благодарен за помощь.",Справки и документы
"Не понимаю, как восстановить пароль от личного кабинета Жду ответа.",IT-поддержка
"Уважаемые коллеги, У меня вопрос: как восстановить пароль от личного кабинета? Жду ответа.",IT-поддержка
"Привет. Пишу уже второй раз. Не понимаю, какие дисциплины по выбору есть на 4 курсе Жду ответа.",Учебный отдел
"Уважаемые коллеги, Пишу уже второй раз. Подскажите, как перевестись с очной формы обучения на заочную.",Деканат
"Подскажите, где найти место для прохождения производственной практики?",Практика и трудоустройство
Пишу уже второй раз. У меня вопрос: почему выросла стоимость обучения по договор?у Спасибо.,Бухгалтерия
Добрый вечер! У меня вопрос: где найти место для прохождения производственной практики.,Практика и трудоустройство
Добрый день. У меня вопрос: как заказать справку для военкомата? Жду ответа.,Справки и документы
"Уважаемые коллеги, Не понимаю, перенесли занятие по программированию на Python, какое новое время Заранее спасибо!",Учебный отдел
"Я студент 1 курса, Экономика. Помогите, нужна справка для налогоовго вычета за обучение?",Бухгалтерия
"Добрый вечер! Пишу уже второй раз. Скажите пожалуйста, сколько стоит прожвиание в общежитии? Жду ответа.",Студенческий офис
"Привет. Учусь дистанционно. Скажите пожалуйста, в расписании сотят две пары одновременно, какая правильная? Жду ответа.",Учебный отдел
Пишу уже второй раз. У меня вопрос: как получить разрешение на свободное посещение занятий.,Деканат
"Здравствуйте! Номер договора 63430. Подскажите, потерял студенческий блиет, как восстановить?",Справки и документы
Привет. Номер договора 42606. У меня вопрос: можно ли переселиться в другую комнату в общежитии. Заранее спасибо!,Студенческий офис
"Добрый день. Подскажите, когда начинается следующий семестр. Спасибо.",Учебный отдел
"Здравствуйте! Я студент 3 курса, Реклама и связи с общественностью. Подскажите, когда будет посвящение в студенты?",Студенческий офис
"Здравствуйте! Я студент 3 курса, Реклама и связи с общественностью. Не могу найти список литературы по экономике Спасибо.",Учебный отдел
Нужна академическая справка? Жду ответа.,Справки и документы
"Я студент 5 курса, Бизнес-информатика. Помогите, как заселиться в общежитие Спасибо.",Студенческий офис
"Здравствуйте! Не понимаю, как подключить корпоративную почту студента. Жду ответа.",IT-поддержка
"Уважаемые коллеги, Учусь на заочной форме. У меня вопрос: когда будет ярмарка вакансий.",Практика и трудоустройство
"Добрый вечер! Я студент 4 курса, Менеджмент. Можно ли оформить рассрочку оплаты обучения. Срочно!",Бухгалтерия
"Добрый вечер! Не понимаю, пропал звук на онлайн лекции по экономике. Буду благодарен за помощь.",IT-поддержка
"Привет. Не понимаю, нужна справка для пенсионного фонд,а что я учусь очно Спасибо.",Справки и документы
Привет. Нет доступа к электронной библиотеке Заранее спасибо!,IT-поддержка
"Номер договора 24019. Подскажите, в расписании стоят две пары одновременно, какая правильная",Учебный отдел
"Уважаемые коллеги, Учусь на заочной форме. В расписании стоят две пары одновременно, какая правильная Срочно!",Учебный отдел
Здравствуйте! Номер договора 44227. Нужна справка для налогового вычета за обучение. Заранее спасибо!,Бухгалтерия
"Уважаемые коллеги, Скажите пожалуйста, хочу забрать оригинал аттестата из архива Заранее спасибо!",Справки и документы
Здравствуйте! Пишу уже второй раз. Хочу вступить в студенческий совет.,Студенческий офис
"Скажите пожалуйста, нужна справка для пенсионного фонда, что я учусь очно Спасибо.",Справки и документы
"Добрый день. Номер договора 77488. Не понимаю, сайт выдает ошибку 500 при входе",IT-поддержка
"Помогите, как получить дубликат диплома. Срочно!",Справки и документы
"Привет. Не понимаю, пмоогите составить резюме для стажировки.",Практика и трудоустройство
"Добрый день. Пишу уже второй раз. Подскажите, нужна академическая справка. Спасибо.",Справки и документы
Добрый вечер! Пишу уже второй раз. Приложение университета вылетает на телефоне Жду ответа.,IT-поддержка
"Привет. Помогите, есть ли вакансии для студентов направления Бизнес-информатика Жду ответа.",Практика и трудоустройство
Добрый вечер! Учусь на заочной форме. Не приходит код подтверждения на почту Спасибо.,IT-поддержка
"Привет. Учусь дистанционно. Скажите пожалуйста, хочу оформить академический отпуск, ккаие документы нужны. Заранее спасибо!",Деканат
Добрый день. У меня вопрос: как заселиться в общежитие? Спасибо.,Студенческий офис
"Я студент 1 курса, Психология. Как попасть в студенческий театр. Заранее спасибо!",Студенческий офис
"Уважаемые коллеги, Учусь дистанционно. Сколько стоит проживание в общежитии? Жду ответа.",Студенческий офис
Привет. Как заказать справку для военкомата? Буду благодарен за помощь.,Справки и документы
"Здравствуйте! Номер договора 31079. Подскажите, нужно согласовать индивидуальный график обучения. Срочно!",Деканат
"Здравствуйте! Номер договора 22097. Подскажите, можно ли пройти практику по месту работы",IT-поддержка
"Добрый день. Номер договора 74169. Не понимаю, в расписании стоят две пары одновременон, какая правильная? Заранее спасибо!",Учебный отдел
"Здравствуйте! Учусь дистанционно. Не понимаю, можно ли пройти практику по месту работы? Буду благодарен за помощь.",Практика и трудоустройство
"Добрый день. Я студент 3 курса, Менеджмент. Как оформить договор на практику с организацией. Заранее спасибо!",Практика и трудоустройство
"Добрый вечер! Подскажите, хочу вступить в студенческий совет? Спасибо.",Студенческий офис
"Уважаемые коллеги, Скажите пожалуйста, нужна справка для пенсионного фонда, что я учусь очно. Буду благодарен за помощь.",Справки и документы
"Учусь дистанционно. Не понимаю, сколько зачетных единиц в семестре на 3 курсе. Заранее спасибо!",Учебный отдел
"Уважаемые коллеги, Номер договора 31773. Помогите, хочу поступить в магистратуру, какие нужны документы. Жду ответа.",Приёмная комиссия
"Уважаемые коллеги, Учусь дистанционно. В расписании стоят две пары одновременно, какая правильная. Жду ответа.",Учебный отдел
"Здравствуйте! Учусь дистанционно. Платеж прошел дважды, верните лишнюю сумму Буду благодарен за помощь.",Бухгалтерия
"Учусь дистанционно. Проуш продлить сессию по уважительной причине, есть больничный?",Деканат
"Учусь дистанционно. Не понимаю, как перевестись с очной формы обучения на заочную. Жду ответа.",Деканат
"Уважаемые коллеги, Номер договора 74799. кСажите пожалуйста, у меня академическая задолженность по менеджменту, какие сроки ликвидации?",Деканат
Привет. У меня вопрос: есть ли бюджетные места на Менеджмент.,Приёмная комиссия
Добрый вечер! Хочу забрать оригинал аттестата из архива Жду ответа.,Справки и документы
"Добрый вечер! Я студент 2 курса, Прикладная информатика. У меня вопрос: как оформить скидку на обучение для многодетной семьи Срочно!",Бухгалтерия
"Добрый вечер! Я студент 5 курса, Менеджмент. Скажите пожалуйста, в расписании стоят две пары одновременно, ккаая правильная Срочно!",Учебный отдел
"Привет. Учусь дистанционно. Подскажите, когда сдавать отчет по преддипломной практике Спасибо.",Практика и трудоустройство
Привет. Номер договора 51399. У меня вопрос: можно ли оплатить обучение материнским капиталом? Заранее спасибо!,Бухгалтерия
"Добрый день. Номер договора 92234. Скажите пожалуйста, нужно индивидуальное задание на практику? Жду ответа.",Практика и трудоустройство
"Добрый вечер! Скажите пожалуйста, как оформить скидку на обучение для многодетной семьи.",Бухгалтерия
"Я студент 1 курса, Психология. У меня вопрос: хочу сменить научного руководителя курсовой работы? Спасибо.",Деканат
"Уважаемые коллеги, Учусь на заочной форме. Помогите, пропал звук на онлайн лекции по программированию на Python",IT-поддержка
Добрый вечер! Учусь на заочной форме. Как попасть на стажировку в компанию-партнер Буду благодарен за помощь.,Практика и трудоустройство
"Добрый день. Я студент 4 курса, Экономика. Скажите пожалуйтса, сколько делается справка об обучении? Жду ответа.",Справки и документы
Здравствуйте! Учусь дистанционно. У меня вопрос: когда убдет ярмарка вакансий Заранее спасибо!,Практика и трудоустройство
"Уважаемые коллеги, Номер договора 45740. Как подключить корпоративную почту студента. Буду благодарен за помощь.",IT-поддержка
"Здравствуйте! Я студент 2 курса, Бизнес-информатика. Когда будет день открытых дверей? Буду благодарен за помощь.",Приёмная комиссия
Как заверить копию зачетной книжки Срочно!,Справки и документы
"Добрый вечер! Пишу уже второй раз. Помогите, как перевестись с очной формы обучения на заочную?",Деканат
"Скажите пожалуйста, пропал звук на онлайн лекции по машинному обучению. Буду благодарен за помощь.",IT-поддержка
Здравствуйте! Пишу уже второй раз. Есть ли бюджетные места на Реклама и связи с общественностью?,Приёмная комиссия
Привет. Номер договора 49688. У меня вопрос: как оформить скидку на обучение для многодетной семьи Срочно!,Бухгалтерия
"Я студент 2 курса, Экономика. Скажите пожалуйста, как оплатить обучнеие за следующий семестр. Спасибо.",Бухгалтерия
"Здравствуйте! Учусь дистанционно. Не понимаю, не открывается вебинар, черный экран",Бухгалтерия
Добрый вечер! Номер договора 96626. Можно ли оформить рассрочку оплаты обучения Буду благодарен за помощь.,Бухгалтерия
Добрый день. Номер договора 12608. Можно ли перенести сроки учебной практики?,Практика и трудоустройство
"Я студент 1 курса, Реклама и связи с общественностью. Как подключить корпоративную почту студента",IT-поддержка
"Добрый вечер! Номер договора 44843. Скажите пожалуйста, как оплатить обучение за следующий семестр. Спасибо.",Бухгалтерия
"Уважаемые коллеги, Учусь дистанционно. У меня вопрос: нужна справка для налогового вычета за обучение. Спасибо.",Бухгалтерия
"Учусь дистанционно. У меня вопрос: прошу продлить сессию по уважительной причине, есть больничный. Спасибо.",Деканат
Привет. Пишу уже второй раз. Нужна академическая справка?,Справки и документы
"Добрый день. Не понимаю, прошу продлить сессию по уважительной причине, есть больничный. Буду благодарен за помощь.",Деканат
"Уважаемые коллеги, У меня академическая задолженность по статистике, какие сроки ликвиадции. Жду ответа.",Деканат
"Привет. Пишу уже второй раз. Подскажите, как оформить договор на практику с организацийе?",Практика и трудоустройство
"Добрый день. Я студент 1 курса, Прикладная информатика. Какой проходной балл был на Прикладная информатика в прошлом году Жду ответа.",Деканат
"Здравствуйте! Учусь на заочной форме. Скажите пожалуйста, какие дисциплины по выбору есть на 5 курсе? Жду ответа.",Учебный отдел
"Привет. Пишу уже второй раз. Не понимаю, можно ли оформить рассрочку оплаты обучения.",Бухгалтерия
"Добрый день. Учусь дистанционно. Скажите пожалуйста, можно ли оплатить обучение материнским капиталом.",Бухгалтерия
"Здравствуйте! Учусь дистанционно. Помогите, нужна справка для налогового вычета за обучение Срочно!",Бухгалтерия
"Привет. Пишу уже второй раз. Не понимаю, когда будет день открытых дверей. Срочно!",Приёмная комиссия
Добрый день. Пропал звук на онлайн лекции по статистике Срочно!,IT-поддержка
Привет. Есть ли вакансии для студентов направления Психология. Спасибо.,Практика и трудоустройство
Здравствуйте! Учусь на заочной форме. Учитываются ли индивидуальные достижения при поступлении. Жду ответа.,Приёмная комиссия
"Добрый вечер! Помогите, хочу организовать студенческий клуб. Срочно!",Студенческий офис
"Здравствуйте! Пишу уже второй раз. У меня вопрос: меня не допустили к пересдаче по философии, что делать? Буду благодарен за помощь.",Деканат
"Привет. Скажите пожалуйста, можно ли поступить на второе высшее образование Жду ответа.",Приёмная комиссия
"Добрый день. У меня вопрос: не могу прикрепить файл с работой, выдает ошибку.",IT-поддержка
"Привет. Помогите, нужна справка об обучении для работы?",Справки и документы
Учусь дистанционно. Не приходит код подтверждения на почту? Заранее спасибо!,IT-поддержка
"Добрый день. Скажите пожалуйста, нужан справка для пенсионного фонда, что я учусь очно. Буду благодарен за помощь.",Справки и документы
"Здравствуйте! Номер договора 72286. Хочу поступить в магистратуру, какие нужны документы. Буду благодарен за помощь.",Приёмная комиссия
Здравствуйте! Учусь на заочной форме. У меня вопрос: можно ли переселиться в другую комнату в общежитии? Жду ответа.,Студенческий офис
"Уважаемые коллеги, Можно ли поступить на второе высшее образование Срочно!",Приёмная комиссия
"Привет. Учусь на заочной форме. Помогите, когда будет защита курсовых работ",Учебный отдел
"Добрый вечер! Номер договора 68024. Помогите, помогите составить резюме для стажировки. Жду ответа.",Практика и трудоустройство
"Я студент 5 курса, Психология. У меня вопрос: какие дисциплины по вбыору есть на 5 курсе? Срочно!",Учебный отдел
Добрый вечер! Пишу уже второй раз. Как получить копию договора на обучение и акт об оплате.,Бухгалтерия
Учусь дистанционно. Не приходит код подтверждения на почту Жду ответа.,IT-поддержка
Добрый день. Пишу уже второй раз. Не отображается оценка по истории России в зачетной книжке? Буду благодарен за помощь.,Учебный отдел
"Уважаемые коллеги, Учусь дистанционно. У меня вопрос: нужна академическая справка? Заранее спасибо!",Справки и документы
Пишу уже второй раз. У меня вопрос: когда будет ярмарка вакансий Жду ответа.,Практика и трудоустройство
"Добрый день. Я студент 1 курса, Психология. Подскажите, где найти место для прохождения производственной практики?",Практика и трудоустройство
"Подскажите, как получить приложение к диплому на английском Заранее спасибо!",Справки и документы
"Уважаемые коллеги, Учусь на заочной форме. Не могу найти список литературы по экономике? Спасибо.",Учебный отдел
"Я студент 1 курса, Экономика. Подскажите, рукоовдитель практики от организации не отвечает Жду ответа.",Практика и трудоустройство
"Уважаемые коллеги, Номер договора 75535. Подскажите, не могу войти в личный кабинет, пишет невреный пароль. Срочно!",IT-поддержка
"Привет. Не понимаю, нужна академическая справка? Буду благодарен за помощь.",Справки и документы
"Добрый день. Учусь дистанционно. Не поинмаю, как попасть на стажировку в компанию-партнер",Практика и трудоустройство
"Здравствуйте! Номер договора 40252. Не понимаю, где найти место для прохождения производственной практики. Жду ответа.",Практика и трудоустройство
"Привет. Учусь на заочной форме. Помогите, как получить дубликат диплома Срочно!",Справки и документы
Учусь на заочной форме. У меня вопрос: как записаться на пересдачу по высшей математике. Срочно!,Деканат
Сколько зачетных единиц в семестре на 2 укрсе? Спасибо.,Учебный отдел
"Учусь на заочной форме. У меня вопрос: прошу продлить сессию по уважительной причине, есть больничный Заранее спасибо!",Приёмная комиссия
"Уважаемые коллеги, Номер договора 31003. Как заселиться в общежитие? Жду ответа.",Студенческий офис
"Добрый день. Номер договора 61677. Помогите, где посмотреть расписание сессии. Заранее спасибо!",Учебный отдел
"Привет. Учусь на заочной форме. Скажите пожалуйста, как оплатить оубчение за следующий семестр Спасибо.",Бухгалтерия
"Привет. Пишу уже второй раз. Подскажите, нет доступа к электронной библиотеке Заранее спасибо!",IT-поддержка
"Добрый день. Номер договора 98234. Не понимаю, кто подписывает дневник практики? Буду благодарен за помощь.",Практика и трудоустройство
"Добрый вечер! Номер договора 24805. Подскажите, как попасть в студенческий театр. Заранее спасибо!",Приёмная комиссия
"Скажите пожалуйста, когда начинается следующий семестр Спасибо.",Учебный отдел
"Номер договора 91295. Подскажите, как восстановить пароль от личного кабинета",IT-поддержка
Пишу уже второй раз. У меня вопрос: как восстановить пароль от личного кабинета Срочно!,IT-поддержка
"Добрый день. Подскажите, почему выросла стоимость обучения по договору?",Бухгалтерия
Добрый день. Номер договора 41939. В LMS не загружается задание по программированию на Python Жду ответа.,IT-поддержка
"Уважаемые коллеги, Номер договора 53975. Можно ли оформить рассрочку оплаты обучения?",Бухгалтерия
"Помогите, как подать документы на поступление онлайн? Буду благодарен за помощь.",Приёмная комиссия
"Уважаемые коллеги, Подскажите, кто подписывает дневник практики. Заранее спасибо!",Практика и трудоустройство
"Добрый вечер! Пишу уже второй раз. Подскажите, пропал звук на онлайн лекции по менеджменту? Спасибо.",IT-поддержка
"Уважаемые коллеги, Помогите, как подключить корпоративную почту студента Заранее спасибо!",IT-поддержка
"Уважаемые коллеги, Учусь дистанционно. Не понимаю, где найти учебный план по направлению Реклама и связи с общественностью",Учебный отдел
"Уважаемые коллеги, Как получить разрешение на свободное посещение занятий? Буду благодарен за помощь.",Деканат
"Здравствуйте! Скажите пожалуйста, скольок зачетных единиц в семестре на 4 курсе. Буду благодарен за помощь.",Учебный отдел
"Добрый день. Помогите, хочу вернуть деньги за обучение после отчисления? Спасибо.",Бухгалтерия
"Здравствуйте! Учусь на заочной форме. Подскажит,е хочу вступить в студенческий совет? Буду благодарен за помощь.",Студенческий офис
"Добрый день. Пишу уже второй раз. Скажите пожалуйста, хочу вернуть деньги за обучение после отчисления Срочно!",Бухгалтерия
"Уважаемые коллеги, Пишу уже второй раз. Можно ли поступить на второе высшее образование.",Приёмная комиссия
"Здравствуйте! Не понимаю, платеж прошел дважды, верните лишнюю сумму? Буду благодарен за помощь.",Бухгалтерия
"Привет. Не понимаю, можно ли поступить без ЕГЭ после колледжа. Жду ответа.",Приёмная комиссия
"Уважаемые коллеги, Учусь дистанционно. Скажите пожалуйста, как записаться в спортивную секцию",Студенческий офис
"Номер договора 75511. Помогите, есть ли волонтерские программы. Срочно!",Студенческий офис
"Номер договора 98503. Скажите пожалуйста, когда начинается следующий семестр.",Учебный отдел
"Уважаемые коллеги, Пишу уже второй раз. Скажите пожалуйста, сколько стоит проживание в общежитии.",Студенческий офис
"Учусь на заочной форме. Скажите пожалуйста, можно ли поступить на второе высшее образование? Жду ответа.",Приёмная комиссия
"Добрый вечер! Помогтие, нужна справка об обучении для работы Срочно!",Справки и документы
Здравствуйте! Учусь дистанционно. У меня вопрос: почему выросла стоимость обучения по договору. Спасибо.,Бухгалтерия
"Здравствуйте! Помогите, есть ли волонтерские программы.",Студенческий офис
Когда будут результаты вступительного экзамена? Спасибо.,Приёмная комиссия
"Здравствуйте! Учусь дистанционно. Скажите пожалуйста, приложение университета вылетает на телефоне?",IT-поддержка
"Здравствуйте! Номер договора 20774. Не понимаю, можно ли переселиться в другую комнату в общежитии",Студенческий офис
"Добрый вечер! Номер договора 82487. Скажите пожалуйста, прошу продлить сессию по уважительной причине, есть больничный.",Деканат
"Учусь дистанционно. Нужна справка для пенсионного фонда, что я учусь очно? Спасибо.",Справки и документы
"Добрый день. Учусь дистанционно. У меня вопрос: нужна справка для пенсионного фонда, что я учусь очно.",Справки и документы
"Добрый вечер! Скажите пожалуйста, хочу подать заявление на перевод в другой вуз. Спасибо.",Деканат
Добрый вечер! Пишу уже второй раз. Можно ли поступить без ЕГЭ после колледжа? Буду благодарен за помощь.,Приёмная комиссия
"Учусь на заочной форме. Хочу поступить в магистратуру, какие нужны документы.",Приёмная комиссия
"Здравствуйте! Учусь на заочной форме. Подскажите, сколько делается справка об обучении Буду благодарен за помощь.",Справки и документы
"Уважаемые коллеги, Номер договора 70941. Скажите пожалуйста, не могу войти в личный кабинет, пишет неверный пароль. Заранее спасибо!",IT-поддержка
"Добрый день. Скажите пожалуйста, хочу вступить в студенческий совет?",Студенческий офис
Здравствуйте! Пишу уже второй раз. Как оплатить обучение за следующий семестр Заранее спасибо!,Учебный отдел
"Добрый вечер! Номер договора 43455. У меня вопрос: потерял студенческий билет, как восстановить? Срочно!",Справки и документы
Номер договора 45601. Как попасть на стажировку в компанию-партнер Жду ответа.,Практика и трудоустройство
"Я студент 5 курса, Реклама и связи с общественностью. Подскажите, как засеилться в общежитие Буду благодарен за помощь.",Студенческий офис
"Добрый день. Номер договора 76903. Пдоскажите, как попасть на стажировку в компанию-партнер? Заранее спасибо!",Практика и трудоустройство
Добрый день. Учусь дистанционно. У меня вопрос: хочу подать заявление на перевод в другой вуз? Буду благодарен за помощь.,Деканат
"Здравствуйте! Не понимаю, хочу сменить научного руководителя курсовой работы. Буду благодарен за помощь.",Деканат
"Добрый вечер! Номер договора 28581. Не понимаю, можно ли пройит практику по месту работы? Срочно!",Практика и трудоустройство
"Помгоите, есть ли волонтерские программы. Жду ответа.",Студенческий офис
"Здравствуйте! Я студент 3 курса, Психология. Скажите пожалуйста, нужна справка об обучении для работы? Срочно!",Справки и документы
Здравствуйте! Хочу сменить научного руководителя курсовой работы Буду благодарен за помощь.,Деканат
"Здравствуйте! Меня не допустили к пересдаче по высшей математике, что делать",Деканат
"Привет. Номер договора 59868. Я абитуриент, как узнать свое место в конкурсном списке?",Приёмная комиссия
"Учусь на заочной форме. Не понимаю, нет доступа к электронной библиотеке Жду ответа.",IT-поддержка
"Пишу уже второй раз. Скаижте пожалуйста, нет доступа к электронной библиотеке. Жду ответа.",IT-поддержка
Учусь на заочной форме. Не приходит код подтверждения на почту? Срочно!,IT-поддержка
Номер договора 10698. У меня вопрос: есть ли волонтерские программы? Срочно!,Студенческий офис
Добрый вечер! Пишу уже второй раз. Когда будут результаты вступительного экзамена,Приёмная комиссия
"Добрый вечер! Я студент 2 курса, Реклама и связи с общественностью. У меня вопрос: нужна справка для пенсионного фонда, что я учусь очно",Справки и документы
"Добрый вечер! Помогите, как заверить копию зачетной книжки Жду ответа.",Справки и документы
У меня вопрос: когда будет ярмарка вакансий Спасибо.,Практика и трудоустройство
"Добрый день. Скажите пожалуйста, можно ли поступить без ЕГЭ после колледжа.",Приёмная комиссия
"У меня вопрос: не могу прикрепить файл с работой, выдает ошибку?",IT-поддержка
"Привет. Подскажите, в LMS не загружается задание по саттистике.",IT-поддержка
"Я студент 5 курса, Юриспруденция. Можно ли поступить на второе высшее образование?",Студенческий офис
"Не понимаю, как восстановиться после отчисления",Деканат
Учусь на заочной форме. Нужны реквизиты для оплаты обучения от организации. Жду ответа.,Бухгалтерия
"Уважаемые коллеги, Учусь дистанционно. Как записаться на пересдачу по маркетингу? Буду благодарен за помощь.",Деканат
Здравствуйте! У меня вопрос: хочу вступить в студенческий совет Заранее спасибо!,Студенческий офис
"Добрый день. Пишу уже второй раз. Подскажите, нужны реквизиты для опалты обучения от организации.",Бухгалтерия
"Добрый день. Пишу уже второй раз. Скажите пожалуйста, преподаватель по маркетингу не выставил оценку в ведомость Жду ответа.",Бухгалтерия
"Учусь дистанционно. Скажите пожалуйтса, нужна справка об обучении для работы Срочно!",Справки и документы
Здравствуйте! У меня вопрос: когда начинается следующий семестр,Учебный отдел
"Добрый день. Подскажите, не отображается оценка по менеджменту в зачетной книжке? Жду ответа.",Учебный отдел
Добрый вечер! Учусь дистанционно. Как подать документы на поступление онлайн. Буду благодарен за помощь.,Приёмная комиссия
"Здравствуйте! Номер договора 21683. Помогите, оплатил обучение, но в личном кабинете висит задолженность Буду благодарен за помощь.",Бухгалтерия
"Добрый день. Я студент 1 курса, Бизнес-информатика. Не понимаю, нужна справка для налогового вычета за обучение. Жду ответа.",Бухгалтерия
"Здравствуйте! Не понимаю, хочу опступить в магистратуру, какие нужны документы.",Приёмная комиссия
Здравствуйте! Учусь дистанционно. У меня вопрос: как оформить материальную помощь. Буду благодарен за помощь.,Студенческий офис
Здравствуйте! Номер договора 51192. Есть ли волонтерские программы Заранее спасибо!,Студенческий офис
Здравствуйте! Учусь дистанционно. Как перевестись с очной формы обучения на заочную. Срочно!,Деканат
"Добрый день. Подскажите, как подключить корпоративную почту студента Заранее спасибо!",IT-поддержка
"Уважаемые коллеги, Номер договора 79501. Помогите, не могу найти список литературы по машинонму обучению? Жду ответа.",Учебный отдел
"Здравствуйте! Номер договора 78566. Помогите, сайт выдает ошибку 500 при входе. Буду благодарен за помощь.",IT-поддержка
Пишу уже второй раз. Руководитель практики от организации не отвечает. Жду ответа.,Практика и трудоустройство
Номер договора 62575. У меня вопрос: как подключить корпоративную почту студента. Жду ответа.,IT-поддержка
Пишу уже второй раз. У меня вопрос: кто подписывает дневник практики. Спасибо.,Практика и трудоустройство
"Я студент 5 курса, Экономика. Помогите, нет достуап к электронной библиотеке.",IT-поддержка
Добрый вечер! Когда будет посвящение в студенты?,Студенческий офис
"Здравствуйте! Пишу уже второй раз. Помогите, нужна академическая справка? Жду ответа.",Справки и документы
Здравствуйте! У меня вопрос: хочу перевестись с направления Менеджмент на другое направление. Буду благодарен за помощь.,Деканат
"Добрый день. Скажите пожалуйста, как оформить материальную помощь. Срочно!",Студенческий офис
"Я студент 2 курса, Менеджмент. Подскажите, как оплатить обучение за следующий семестр? Заранее спасибо!",Бухгалтерия
Здравствуйте! Учусь дистанционно. Когда будет день открытых дверей. Заранее спасибо!,Приёмная комиссия
Добрый день. Учусь на заочной форме. Когда будет день открытых дверей.,Приёмная комиссия
Есть ли волонтерские программы.,Студенческий офис
"Привет. Пишу уже второй раз. Скаижте пожалуйста, хочу подать заявление на перевод в другой вуз. Жду ответа.",Деканат
"Привет. В расписании стоят две пары одновременно, какая правильная. Спасибо.",Учебный отдел
"Уважаемые коллеги, Я студент 2 курса, Менеджмент. Можно ли оформить рассрочку оплаты обучения Срочно!",Бухгалтерия
"Добрый вечер! Учусь на заочной форме. Хочу оформить академический отпуск, какие документы нужны. Буду благодарен за помощь.",Деканат
"Добрый день. Номер договора 71069. Скажите пожалуйста, нужно согласовать индивидуальный график обучения? Срочно!",Деканат
"Добрый день. Скажите пожалуйста, как заверить копию зачетной книжки? Спасибо.",Справки и документы
Учусь на заочной форме. В LMS не загружается задание по праву. Срочно!,IT-поддержка
Пишу уже второй раз. Как заверить копию зачетной книжки? Буду благодарен за помощь.,Бухгалтерия
Добрый вечер! Номер договора 21703. У меня вопрос: когда будет защита курсовых работ? Срочно!,Учебный отдел
"Уважаемые коллеги, Не понимаю, как перевестись с очной формы обучения на заочуню",Деканат
Привет. Пишу уже второй раз. У меня вопрос: хочу вернуть деньги за оубчение после отчисления?,Бухгалтерия
Нужна академическая справка Заранее спасибо!,Справки и документы
Добрый вечер! Учусь на заочной форме. У меня вопрос: нужно согласовать индивидуальный график обучения,Деканат
"Здравствуйте! Учусь на заочной форме. Не понимаю, руководитель практики от организации не отвечает. Заранее спасибо!",Практика и трудоустройство
"Здравствуйте! Помогите, когда будет экзамен по базам данных Спасибо.",Учебный отдел
"Здравствуйте! Я студент 5 курса, Юриспруденция. Нужно согласовать индивидуальный график обучения.",Деканат
Учусь на заочной форме. Как перевестись с очной формы обучения на заочную Срочно!,Деканат
"Помогите, нужна справка-вызов для работодателя на сессию? Спасибо.",IT-поддержка
"Добрый день. Скажите пожалуйста, руководитель практики от организации не отвечает. Срочно!",Практика и трудоустройство
"Хочу поступить в магистратуру, какие нужны документы. Жду ответа.",Приёмная комиссия
"Уважаемые коллеги, Не понимаю, как получить дубликат диплома? Жду ответа.",Справки и документы
"Добрый вечер! У меня вопрос: меня не допустили к пересдаче по программированию на Python, что делать Буду благодарен за помощь.",Деканат
"Уважаемые коллеги, Учусь на заочной форме. Не понимаю, как записаться в спортивную секцию. Заранее спасибо!",Студенческий офис
"Добрый день. Подскажите, не могу войти в личный кабинет, пишет невернйы пароль? Спасибо.",IT-поддержка
Здравствуйте! Сколько зачетных единиц в семестре на 1 курсе Жду ответа.,Учебный отдел
Есть ли волонтерские програмым?,Студенческий офис
Учусь на заочной форме. У меня вопрос: учитываются ли индивидуальные достижения при поступлении. Спасибо.,Приёмная комиссия
"Скажите пожалуйста, есть ли волонтерские программы",Студенческий офис
"Добрый день. Пишу уже второй раз. Помогите, где найти учебный план по направлению Прикладная информатика Заранее спасибо!",Учебный отдел
"Номер договора 93719. Скажите пожалуйста, у меня академическая задолженность по базам данных, какие сроки ликвидации. Буду благодарен за помощь.",Деканат
Добрый вечер! Можно ли перенести сроки учебной практики? Жду ответа.,Практика и трудоустройство
"Добрый день. Учусь на заочной форме. Не понимаю, можно ли перенести сроки учебной практики Буду благодарен за помощь.",Практика и трудоустройство
У меня вопрос: как восстановить апроль от личного кабинета? Заранее спасибо!,IT-поддержка
Номер договора 22045. У меня вопрос: как попасть на стажировку в компанию-партнер Спасибо.,Практика и трудоустройство
"Я студент 5 курса, Экономика. У меня вопрос: можно ли оплатить обучение материнским капиталом.",Бухгалтерия
"Добрый вечер! Номер договора 79792. У меня вопрос: я абитуриент, как узнать свое место в конкурсном списке? Жду ответа.",Приёмная комиссия
Добрый вечер! Какие дисциплины по выбору есть на 2 курсе? Срочно!,Учебный отдел
"Добрый день. Подскажите, когда буедт экзамен по экономике? Срочно!",Учебный отдел
Здравствуйте! Пишу уже второй раз. Пропал звук на онлайн лецкии по статистике Заранее спасибо!,IT-поддержка
"Здравствуйте! Пишу уже второй раз. Скажите пожалуйста, кгода начинается следующий семестр? Буду благодарен за помощь.",Учебный отдел
Добрый вечер! Учусь на заочной форме. У меня вопрос: какие дисциплины по выбору есть на 4 курсе. Заранее спасибо!,Учебный отдел
"Привет. Я студент 5 курса, Менеджмент. Помогите, сколько зачетных единиц в семестре на 5 курсе",Учебный отдел
"Добрый день. Не понимаю, прошу продлить сессию по уважительной причине, есть больничный Жду ответа.",Деканат
"Добрый вечер! Скажите пожалуйста, сколько стоит проживание в общежитии? Буду благодарен за помощь.",Студенческий офис
"Добрый вечер! Учусь на заочной форме. У меня вопрос: не могу прикрепить файл с работой, выдает ошибку.",IT-поддержка
"Добрый день. Не понимаю, когда начинается следующий семестр? Буду благодарен за помощь.",Учебный отдел
"Добрый день. Я студент 4 курса, Психология. Скажите пжоалуйста, не могу войти в личный кабинет, пишет неверный пароль",IT-поддержка
"Я студент 4 курса, Экономика. Подскажите, кто подписывает дневник практики? Спасибо.",Практика и трудоустройство
"Добрый вечер! Пишу уже второй раз. Помогите, в расписании стоят две пары одновременно, какая правильная? Буду благодарен за помощь.",Учебный отдел
"Уважаемые коллеги, Я студент 2 курса, Менеджмент. Подскажите, можно ли оформить рассрочку оплаты обучения",Бухгалтерия
Хочу подать заявление на перевод в другой вуз Буду благодарен за помощь.,Деканат
Добрый день. Пишу уже второй раз. Как получить дубликат диплома Заранее спасибо!,Справки и документы
"Скажите опжалуйста, хочу поступить в магистратуру, какие нужны документы",Приёмная комиссия
"Добрый вечер! Я студент 4 курса, Юриспруденция. Хочу вернуть деньги за обучение после отчисления?",Бухгалтерия
"Учусь дистанционно. Скажите пожалуйста, преподаватель по менеджменту не выставил оценку в ведомость. Спасибо.",Учебный отдел
Привет. Пишу уже второй раз. У меня вопрос: хочу сменить научного руководителя курсовой работы. Жду ответа.,Деканат
Добрый вечер! Не пришел чек об оплате семестра Срочно!,Бухгалтерия
"Номер договора 14159. Подскажите, хочу сменить научного руководителя курсовой работы. Спасибо.",Деканат
"Добрый день. Пишу уже второй раз. Подскажите, как записаться на пересдачу по экономике Заранее спасибо!",Деканат
Как оформить материальную помощь. Заранее спасибо!,Студенческий офис
Добрый день. Номер договора 74748. Нужно индивидуальное задание на практику? Буду благодарен за помощь.,Практика и трудоустройство
Привет. У меня вопрос: преподаватель по высшей математике не выставил оценку в ведомость Срочно!,Учебный отдел
"Добрый вечер! Учусь дистанционно. Помогите, как получить копию договора на обучение и акт об оплате? Спасибо.",Бухгалтерия
"Добрый день. Учусь дистанционно. Помогите, перенесли занятие по менеджменту, какое новое время.",Учебный отдел
"Не понимаю, как восстановить пароль от личного кабинета.",IT-поддержка
Привет. Номер договора 39436. У меня вопрос: когда будут результаты вступительного экзамена Жду ответа.,Приёмная комиссия
Добрый день. Учусь на заочной форме. У меня вопрос: можно ли перенести сроки учебной практики,Практика и трудоустройство
"Не понимаю, можно ли перенести сркои учебной практики?",Практика и трудоустройство
"Здравствуйте! Помогите, какой проходной балл был на Бизнес-информатика в прошлмо году? Буду благодарен за помощь.",Приёмная комиссия
Добрый вечер! Номер договора 53286. У меня вопрос: нужны реквизиты для оплаты обучения от организации Заранее спасибо!,Бухгалтерия
"Добрый день. Учусь дистанционно. Скажите пожалуйста, не открывается вебинар, черный экран?",IT-поддержка
"Добрый вечер! Учусь дистанционно. Не могу войти в личный кабинет, пишет неверный пароль. Жду ответа.",IT-поддержка
Номер договора 34179. В LMS не загружается задание по высшей математике Жду ответа.,IT-поддержка
Учусь на заочной форме. У меня вопрос: учитываются ли индивидуальные достижения при поступелнии? Срочно!,Приёмная комиссия
"Здравствуйте! Не понимаю, можно ли перенести сроки учебной практики? Заранее спасибо!",Практика и трудоустройство
Учусь дистанционно. Как оплатить обучение за следующий семестр.,Бухгалтерия
"Я студент 3 курса, Бизнес-информатика. Помогите, руководтиель практики от организации не отвечает Заранее спасибо!",Практика и трудоустройство
"Здравствуйте! Номер договора 92686. Помогите, нунжа справка-вызов для работодателя на сессию Буду благодарен за помощь.",Справки и документы
"Привет. Учусь на заочной форме. Помогите, сколько делается справка об обучении. Срочно!",Справки и документы
Добрый вечер! У меня вопрос: хочу подать заявление на перевод в другой вуз. Заранее спасибо!,Деканат
"Здравствуйте! Учусь дистанционно. Меня не допустили к пересдаче по истории России, что делать. Жду ответа.",Деканат
Добрый вечер! Какой проходной балл был на Экономика в прошлом году Жду ответа.,Приёмная комиссия
Номер договора 69971. Не могу найти список литературы по менеджменту. Буду благодарен за помощь.,Учебный отдел
"Уважаемые коллеги, Скажите пожалуйста, как заселиться в общежитие.",Студенческий офис
"Добрый вечер! Подскажите, как оформить договор на практику с организацией? Жду ответа.",Практика и трудоустройство
У меня вопрос: где найти учебный план по направелнию Бизнес-информатика,Учебный отдел
"Учусь на заочной форме. Помогите, как перевестись с очной формы обучения на заочную",Деканат
"Уважаемые коллеги, Не понимаю, как попасть на стажировку в компанию-партнер.",Практика и трудоустройство
"Привет. Учусь на заочной форме. У меня вопрос: не открывается вебинар, черный экран? Спасибо.",IT-поддержка
Нужна справка-вызов для работодателя на сессюи?,Справки и документы
Добрый вечер! Номер договора 58822. У меня вопрос: можно ли перенести сроки учебной практики? Жду ответа.,Практика и трудоустройство
Номер договора 11217. Хочу перевестись с направления Бизнес-информатика на другое направление Буду благодарен за помощь.,Деканат
"Уважаемые коллеги, Учусь на заочной форме. Как подать документы на поступление онлайн. Буду благодарен за помощь.",Приёмная комиссия
"Привет. Номер договора 82856. Скажите пожалуйста, как получить разрешение на свободное посещение занятий? Срочно!",Деканат
"Уважаемые коллеги, Помогите, когда сдавать отчет по преддипломной практике. Спасибо.",Практика и трудоустройство
Здравствуйте! Учусь дистанционно. У меня вопрос: не отображается оценка по статистике в зачетной книжке.,Учебный отдел
"Скажите пожалуйста, когда будет экзамен по экономике",Учебный отдел
"Уважаемые коллеги, Пишу уже второй раз. Нужна справка об обучении для работы.",Справки и документы
Добрый день. Номер договора 24000. Можно ли оформить рассрочку оплаты обучения? Спасибо.,Бухгалтерия
Добрый день. Как оплатить обучение за следующий семестр Жду ответа.,Бухгалтерия
"Здравствуйте! Номер договора 35069. Подскажите, приложение университета вылетает на телефоне. Спасибо.",IT-поддержка
"Здравствуйте! Я студент 4 курса, Менеджмент. Не пониамю, когда сдавать отчет по преддипломной практике? Жду ответа.",Практика и трудоустройство
Здравствуйте! Тест по статистике завис и не засчитал ответы. Спасибо.,IT-поддержка
"Уважаемые коллеги, Учусь дистанционно. Скажите пожалуйста, нужна справка о периоде обучения. Буду благодарен за помощь.",Справки и документы
"Добрый вечер! Скажите пожалуйста, хочу подать заявление на перевод в другой вуз? Спасибо.",Деканат
"Привет. Пишу уже второй раз. Скажите пожалуйста, хочу забрать оригинал аттестата из архива? Жду ответа.",Справки и документы
Привет. Учусь дистанционно. Нужна справка-вызов для работодателя на сессию,Справки и документы
"Добрый день. Не понимаю, можно ли пройти практику по месту работы. Буду благодарен за помощь.",Практика и трудоустройство
"Добрый день. Я студент 5 курса, Бизнес-информатика. Подскажите, когда будет экзамен по истории России? Жду ответа.",Учебный отдел
"Я студент 5 курса, Бизнес-информатика. Можно ли переселиться в другую комнату в общежитии?",Студенческий офис
"Привет. Я студент 4 курса, Юриспруденция. Можно ли поступить на второе высшее образование? Буду благодарен за помощь.",Приёмная комиссия
"Здравствуйте! Учусь дистанционно. Не понимаю, не приходит код подтвежрдения на почту Буду благодарен за помощь.",IT-поддержка
Добрый вечер! Пропал звук на онлайн лекции по статистике? Заранее спасибо!,IT-поддержка
"Уважаемые коллеги, Номер договора 78616. Не понимаю, не могу прикрепить файл с работой, выдает ошибку Заранее спасибо!",IT-поддержка
У меня вопрос: можно ли оплатить обучение материнским капиталом.,Бухгалтерия
"Уважаемые коллеги, У меня впорос: потерял студенческий билет, как восстановить? Жду ответа.",Справки и документы
Учусь на заочной форме. У меня вопрос: как перевестись с очной формы обучения на заочную?,Деканат
"Добрый вечер! Учусь дистанционно. Хочу оформить академический отпуск, какие документы нужны. Заранее спасибо!",Деканат
"Учусь на заочной форме. Не понимаю, как восстановиться после отчисления",Деканат
Добрый вечер! Учусь на заочной форме. Сколько делается справка об обучении? Буду благодарен за помощь.,Справки и документы
"Я студент 3 курса, Прикладная информатика. У меня вопрос: можно ли поступить на второе высшее образование? Спасибо.",Приёмная комиссия
"Добрый вечер! Не понима,ю когда начинается следующий семестр.",Учебный отдел
"Я студент 5 курса, Реклама и связи с общественностью. Не понимаю, почему выросла стоимость обучения по договору? Жду ответа.",Бухгалтерия
"Я студент 5 курса, Прикладная информатика. Не понимаю, как заверить копию зачетной книжки Буду благодарен за помощь.",Справки и документы
"Уважаемые коллеги, Помогите, когда будут результаты вступительного экзамена",Приёмная комиссия
"Потерял студенческий билет, как восстаонвить? Срочно!",Справки и документы
Здравствуйте! У меня вопрос: нужно индивидуальное задание на практику Буду благодарен за помощь.,Практика и трудоустройство
Здравствуйте! Кто подписывает дневник практики? Буду благодарен за помощь.,Практика и трудоустройство
"Скажите пожалуйста, когда сдавать отчет по преддипломной практике? Заранее спасибо!",Практика и трудоустройство
Учусь на заочной форме. У меня вопрос: нужно индивидуальное задание на практику? Спасибо.,Практика и трудоустройство
"Добрый вечер! Учусь на заочной форме. Не понимаю, какой проходной балл был на Психология в прошлом году Заранее спасибо!",Приёмная комиссия
"Уважаемые коллеги, Учусь на заочной форме. У меня вопрос: в расписании стоят две пары одновременно, какая правильная? Буду благодарен за помощь.",Учебный отдел
"Номер договора 92689. Помогите, как получить дубликат диплома? Буду благодарен за помощь.",Справки и документы
"Здравствуйте! Номер договора 28301. У меня академическая задолженность по статистике, какие сроки ликвидации Жду ответа.",Деканат
"Уважаемые коллеги, Я студент 1 курса, Прикладная информатика. Подскажите, сколько зачетных единиц в семестре на 1 курсе Жду ответа.",Учебный отдел
"Пишу уже второй раз. Не понимаю, до какого числа принимают документы абитуриентов? Срочно!",Приёмная комиссия
"Добрый день. Подскажите, хочу сменить научного руководителя курсовой работы Спасибо.",Деканат
Добрый вечер! Руководитель практики от организации не отвечает Заранее спасибо!,Практика и трудоустройство
"Привет. Скажите пожалуйста, нужна справка об обучении для работы. Жду ответа.",Справки и документы
"Номер договора 33339. Скажите пожалуйста, до какого числа принимают документы абитуриентов",Приёмная комиссия
"Уважаемые коллеги, Подскажите, хочу организовать студенческий клуб? Срочно!",Студенческий офис
"Добрый день. Я студент 4 курса, Бизнес-информатика. Скажите пожалуйста, когда будут результаты вступительного экзамена.",Приёмная комиссия
"Уважаемые коллеги, Учусь дистанционно. Хочу подать заявление на перевод в другой вуз? Буду благодарен за помощь.",Деканат
"Скажите пожалуйста, как попасть на стажировку в компанию-партнер? Жду ответа.",Практика и трудоустройство
Привет. Номер договора 50768. Хочу подать заявление на переовд в другой вуз Заранее спасибо!,Деканат
Пишу уже второй раз. Хочу вступить в студенческий совет?,Студенческий офис
"Добрый вечер! Номер договора 39068. Подскажите, какой проходной балл был на Бизнес-информатика в прошлом году. Буду благодарен за помощь.",Приёмная комиссия
"Здравствуйте! Не понимаю, как оформить материальную помощь? Срочно!",Студенческий офис
"Здравствуйте! Номер договора 10365. Скажите пожалуйста, как оформить студенческий проездной Срочно!",Студенческий офис
Здравствуйте! Учусь на заочной форме. Как подать документы на поступление онлайн? Буду благодарен за помощь.,Приёмная комиссия
Хочу забрать оригинал аттестата из архива Спасибо.,Справки и документы
"Уважаемые коллеги, Учусь на заочной форме. Подскажите, приложение университета вылетает на телефоне.",IT-поддержка
"Уважаемые коллеги, У меня вопрос: как восстановиться после отчисления. Буду благодарен за помощь.",Деканат
Как восстановить пароль от личного кабинета. Срочно!,IT-поддержка
У меня вопрос: есть ли вакансии для студентов направления Психология? Жду ответа.,Практика и трудоустройство
"Здравствуйте! Пишу уже второй раз. Скажите пожалуйста, как попасть на стажировку в компанию-партнер.",Практика и трудоустройство
"Уважаемые коллеги, Учусь на заочной форме. Не приешл чек об оплате семестра. Буду благодарен за помощь.",Бухгалтерия
Здравствуйте! Номер договора 77541. Как получить дубликат диплома,Справки и документы
Добрый день. Когда сдавать отчет по преддипломной практике. Заранее спасибо!,Практика и трудоустройство
Привет. Учусь на заочной форме. Сколько делается справка об обучении Срочно!,Справки и документы
"Добрый день. Подскажите, приложение университета вылетает на телефоне Жду ответа.",IT-поддержка
"Уважаемые коллеги, Помогите, хочу поступить на направление Менеджмент, какие вступительные испытания.",Приёмная комиссия
"Помогите, когда будет посвщяение в студенты?",Студенческий офис
"Уважаемые коллеги, Подскажите, в LMS не загружается задание по английскому языку Заранее спасибо!",Справки и документы
Добрый вечер! Учусь на заочной форме. Не отображается оценка по программированию на Python в зачетной кинжке. Спасибо.,Учебный отдел
"Уважаемые коллеги, Я студент 2 курса, Менеджмент. Помогите, тест по программированию на Python завис и не засчитал ответы? Срочно!",IT-поддержка
"Здравствуйте! Учусь на заочной форме. Не понимаю, в LMS не загружается задание по философии? Срочно!",IT-поддержка
"Скажите пожалуйста, до какого числа принимают документы абитуриентов Буду благодарен за помощь.",Приёмная комиссия
"Добрый вечер! Я студент 3 курса, Экономика. Подскажите, когда будут результаты вступительного экзамена.",Приёмная комиссия
"Учусь дистанционно. Помогите, оплатил обучение, но в личном кабинете висит задолженность.",Бухгалтерия
"Привет. Пишу уже второй раз. Подскажите, сколько зачетных единиц в семестре на 4 курсе? Спасибо.",Учебный отдел
Привет. Пишу уже второй раз. Можно ли поступить без ЕГЭ после колледжа. Заранее спасибо!,Приёмная комиссия
"Номер договора 46429. Скажите пожалуйста, как оплатить обучение за следующий семестр",Бухгалтерия
"Привет. Подскажите, хочу подать заявление на перевод в другой вуз Заранее спасибо!",Деканат
"Добрый вечер! Я студент 1 курса, Экономика. Скажите пожалуйста, почему выросла стоимость обучения по договору? Жду ответа.",Бухгалтерия
Как оформить матеиральную помощь? Жду ответа.,Студенческий офис
Номер договора 38020. У меня вопрос: когда будет день открытых дверей Спасибо.,Приёмная комиссия
"Номер договора 52160. Подксажите, не могу войти в личный кабинет, пишет неверный пароль?",IT-поддержка
Добрый день. Нужна академическая справка. Заранее спасибо!,Справки и документы
Добрый день. Номер договора 11617. Нужны реквизиты для оплаты обучения от организации? Буду благодарен за помощь.,Бухгалтерия
"Добрый день. Не понимаю, есть ли бюджетные места на Юриспруденция?",Приёмная комиссия
"Добрый вечер! Я студент 2 курса, Психология. У меня вопрос: можно ли оплатить обучение амтеринским капиталом? Буду благодарен за помощь.",Бухгалтерия
Добрый вечер! Учусь на заочной форме. Как оформить материальную помощь. Спасибо.,Студенческий офис
Привет. Как оформить студенческий проездной Заранее спасибо!,Студенческий офис
"Добрый вечер! Учусь дистанционно. Скажите пожалуйста, преподаватель по английскому языку не выставил оценку в ведомость Буду благодарен за помощь.",Учебный отдел
"Уважаемые коллеги, Не понимаю, не приходит код подтверждения на почту Срочно!",IT-поддержка
Добрый вечер! Когда будет экзамен по истории России? Буду благодарен за помощь.,Учебный отдел
Руководитель практики от организации не отвечает. Буду благодарен за помощь.,Практика и трудоустройство
Пишу уже второй раз. Как оформить скидку на обучение для многодетной семьи? Срочно!,Бухгалтерия
"Учусь на заочной форме. Скажите пожалуйста, не отображается оценка по праву в зачетной книжке.",Учебный отдел
"Уважаемые коллеги, Номер договора 78652. Скажите пожалуйста, как заселиться в общежитие. Срочно!",Студенческий офис
"Добрый вечер! Я студент 3 курса, Реклама и связи с общественностью. Помогите, нужна справка о периоде обучения? Жду ответа.",Справки и документы
"Подскажите, как заселиться в общежитеи. Срочно!",Студенческий офис
Пишу уже второй раз. Можно ли оформить рассрочку оплаты обучения? Срочно!,Бухгалтерия
"Подскажите, потерял студенческий билет, как восстановить?",Справки и документы
Привет. Номер договора 22440. Как подключить корпоративную почту студента? Срочно!,IT-поддержка
"Уважаемые коллеги, Номер договора 89771. Как заверить копию заечтной книжки. Заранее спасибо!",Справки и документы
"Учусь дистанционно. Не понимаю, когда будет посвящение в студенты?",Студенческий офис
"Уважаемые коллеги, Я студент 3 курса, Реклама и связи с общественностью. Не понимаю, не отображается оценка по высшей математике в зачетной книжке.",Учебный отдел
"Добрый день. Пишу уже второй раз. У меня вопрос: прошу продлить сессию по уважительной причине, есть больничный? Буду благодарен за помощь.",Деканат
"Добрый день. Учусь дистанционно. Не понимаю, учитывюатся ли индивидуальные достижения при поступлении Срочно!",Приёмная комиссия
"Добрый вечер! Я студент 4 курса, Экономика. Не понимаю, хочу вернуть деньги за обучение после отчисления? Спасибо.",Бухгалтерия
"Добрый день. Учусь на заочной форме. Помогите, хочу забрать роигинал аттестата из архива",Справки и документы
"Привет. Я студент 1 курса, Бизнес-информатика. У меня вопрос: платеж прошел двжады, верните лишнюю сумму.",Бухгалтерия
Учусь на заочной форме. У меня вопрос: когда будет экзамен по истории Рсосии Спасибо.,Учебный отдел
"Не понимаю, приложение университета вылетает на телефоне. Спасибо.",IT-поддержка
"Уважаемые коллеги, Подскажите, какой проходной балл был на Бизнес-информатика в прошлом году",Приёмная комиссия
"Здравствуйте! Пишу уже второй раз. Подскажите, хочу вернуть деньги за обучение после отчисления?",Бухгалтерия
"Уважаемые коллеги, Есть ли вакансии для студентов направления Экономика",Практика и трудоустройство
"Не понимаю, сколько зачетных единиц в семестре на 4 курсе? Заранее спасибо!",Учебный отдел
"Здравствуйте! Не понимаю, где найти учебный план по направлению Экономика",Учебный отдел
Добрый день. Учусь на заочной форме. Руководитель практики от организации не отвечает. Заранее спасибо!,Практика и трудоустройство
Добрый день. Учусь на заочной форме. Как оформить материальную помощь. Буду благодарен за помощь.,Студенческий офис
"Добрый вечер! Помогите, как получить копию договора на обучение и акт об оплате? Жду ответа.",Бухгалтерия
"Я студент 3 курса, Экономика. Скажите пожалуйста, как подать документы на поступление онлайн. Заранее спасибо!",Приёмная комиссия
"Здравствуйте! Учусь на заочной форме. Не понимаю, до какого числа принимают документы абитуриентов. Срочно!",Приёмная комиссия
"Добрый вечер! Помогите, не открывается вебинар, черный экран.",IT-поддержка
Здравствуйте! Учусь дистанционно. У меня вопрос: руководитель практики от организации не отвечает,Практика и трудоустройство
"Привет. Я студент 5 курса, Юриспруденция. Не понимаю, как оформить скидку на обучение для многодетной семьи. Заранее спасибо!",Бухгалтерия
Учусь на заочной форме. Порпал звук на онлайн лекции по истории России? Срочно!,IT-поддержка
"Здравствуйте! Номер договора 50371. Помогите, в LMS не загружается задание по машинному обучению? Жду ответа.",IT-поддержка
Учусь дистанционно. Как оформить договор на практику с организацией? Срочно!,Практика и трудоустройство
Здравствуйте! Учусь дистанционно. Кто подписывает дневник практики Буду благодарен за помощь.,Практика и трудоустройство
Привет. Учусь на заочной форме. Хочу организовать студенческий клуб Заранее спасибо!,Студенческий офис
"Здравствуйте! Учусь на заочной форме. Не понимаю, как заселиться в общежитие Заранее спасибо!",Студенческий офис
"Добрый день. Пишу уже второй раз. Помогите, хочу вернуть деньги за обучение после отчисления",Бухгалтерия
Когда будет экзамен по философии. Спасибо.,Учебный отдел
"Я студент 5 курса, Юриспруденция. Помогите, сайт выдает ошибку 500 при входе Буду благодарен за помощь.",IT-поддержка
"Подскажите, нужны реквизиты для полаты обучения от организации Спасибо.",Справки и документы
"Скажите пожалуйста, не приходит код подтверждения на почту Заранее спасибо!",IT-поддержка
"Добрый вечер! Помогите, когда сдавать отчет по преддипломной практике.",Практика и трудоустройство
Здравствуйте! Учусь на заочной форме. Нужны реквизиты для оплаты обучения от организации?,Бухгалтерия
"Привет. Я студент 3 курса, Бизнес-информатика. Преподаватель по базам данных не выставил оценку в вдеомость? Срочно!",Учебный отдел
"Уважаемые коллеги, Учусь на заочной форме. Скажите пожалуйста, учитываются ли индивидуальные одстижения при поступлении? Заранее спасибо!",Приёмная комиссия
"Я студент 5 курса, Юриспруденция. Как заверить копию зачетной книжки Буду благодарен за помощь.",Справки и документы
Когда начинается следующий семестр. Буду благодарен за помощь.,Учебный отдел
"Я студент 4 курса, Реклама и связи с общественностью. Сколько стоит проживание в общежитии? Срочно!",Студенческий офис
Привет. Номер договора 12523. У меня вопрос: не приходит код подтверждения на почту. Жду ответа.,IT-поддержка
"Здравствуйте! Учусь дистанционно. Подскажите, можно ли поступить без ЕГЭ после колледжа Жду ответа.",Приёмная комиссия
"Уважаемые коллеги, Пишу уже второй раз. Помогите, нужна справка о периоде обучения. Спасибо.",Приёмная комиссия
Добрый вечер! У меня вопрос: не отображается оценка по английскому языку в зачетной книжке,Учебный отдел
"Подскажите, какие дисциплины по выбору есть на 3 курсе Буду благодарен за помощь.",Учебный отдел
"Уважаемые коллеги, Помогите, как оплатить обучение за следующий семестр? Срочно!",Бухгалтерия
"Привет. Номер договора 29316. Подскажите, хочу поступить на направление Юриспруденция, какие вступительные испытания Буду благодарен за помощь.",Приёмная комиссия
"Добрый день. Учусь на заочной форме. Подскажите, в расписании стоят две пары одновременно, какая правильная Буду благодарен за помощь.",Учебный отдел
"Уважаемые коллеги, Нужно согласовать индивидуальный график обучения Буду благодарен за помощь.",Деканат
Как оформить скидку на обучение для многодетной семьи Буду благодарен за помощь.,Бухгалтерия
"Добрый день. Помогите, почему выросла стоимость обучения по договору? Заранее спасибо!",Бухгалтерия
"Привет. Не понимаю, когда будет посвящение в студенты Буду благодарен за помощь.",Студенческий офис
"Здравствуйте! Помогите, не могу войти в личный кабинет, пишет неверный пароль. Спасибо.",IT-поддержка
"Я студент 1 курса, Юриспруденция. Помогите, как получить разрешение на свободное посещение занятий Заранее спасибо!",Деканат
"Привет. Помогите, до какого числа принимают документы абитуриентов",Приёмная комиссия
"Номер договора 71400. Скажите пожалуйста, кто подписывает дневник практики? Срочно!",Практика и трудоустройство
Помогите составить резюме для стажировки Жду ответа.,Практика и трудоустройство
"Здравствуйте! Пишу уже второй раз. У меня вопрос: платеж прошел дважды, верните лишнюю сумму? Срочно!",Бухгалтерия
"Добрый вечер! Не понимаю, в расписании стоят две пары одновременно, какая правильная Буду благодарен за помощь.",Учебный отдел
"Не понимаю, почему выросла стоимость обучения по договору",Бухгалтерия
"Скажите пожалуйста, руководитель практики от организации не отвечает. Срочно!",Практика и трудоустройство
"Добрый вечер! Учусь на заочной форме. Сакжите пожалуйста, не отображается оценка по базам данных в зачетной книжке. Жду ответа.",Учебный отдел
"Добрый вечер! Я студент 4 курса, Психология. Скажите пожалуйста, как попасть на стажировку в компанию-партнер?",Практика и трудоустройство
Привет. Есть ли бюджетные места на Бизнес-информатика. Спасибо.,Приёмная комиссия
"Здравствуйте! Учусь дистанционно. Подскажите, не пришел чек об оплате семестра Буду благодарен за помощь.",Бухгалтерия
"Уважаемые коллеги, Я студент 1 курса, Психология. Оплатил обучение, но в личном кабинете висит здаолженность Спасибо.",Бухгалтерия
Здравствуйте! Номер договора 60805. Сколько стоит проживание в общежитии.,Студенческий офис
"Уважаемые коллеги, Учусь на заочной форме. У меня вопрос: помогите составить резюме для стажировки. Спасибо.",Практика и трудоустройство
"Добрый вечер! Учусь на заочной форме. Подскажите, хочу организовать студенческий клуб Жду ответа.",Студенческий офис
"Добрый день. Учусь на заочной форме. Не понимаю, нужна псравка о периоде обучения Заранее спасибо!",Справки и документы
Добрый день. Номер договора 48408. Когда сдавать отчет по преддипломной пракитке Жду ответа.,Практика и трудоустройство
Здравствуйте! Как оформить студенческий проездной?,Студенческий офис
"Я студент 4 курса, Психология. Не понимаю, почему выросла стоимость обучения по договору",Бухгалтерия
"Добрый вечер! Учусь дистанционно. Подскажите, можно ли пройти практику по месту работы. Спасибо.",Практика и трудоустройство
"Уважаемые коллеги, Не понимаю, есть ли вакансии для студентов направления Мнееджмент",Практика и трудоустройство
"Добрый день. Не понимаю, как подать документы на поступление онлайн?",Приёмная комиссия
"Привет. Учусь на заочной форме. Подскажите, в LMS не загружается задание по истории России Жду ответа.",IT-поддержка
"Уважаемые коллеги, Учусь дистанционно. У меня вопрос: как попасть в студенческий театр.",Студенческий офис
"Пишу уже второй раз. Не понимаю, где найти место для прохождения производственной практики",Практика и трудоустройство
"Добрый день. Номер договора 92781. Подскажите, нужна справка о периоде обучения?",Справки и документы
"Привет. Номер договора 29749. Помогите, можно ли пройти практику по месту работы. Жду ответа.",Практика и трудоустройство
"Добрый день. Помогите, как подать документы на поступление онлайн. Буду благодарен за помощь.",Приёмная комиссия
Учусь дистанционно. Учитываются ли индивидуальные достижения при поступлении.,Приёмная комиссия
"Привет. Не понимаю, не приходит код подтверждения на почту Жду ответа.",IT-поддержка
Где найти учебный план по нпаравлению Менеджмент.,Учебный отдел
Добрый вечер! У меня вопрос: не могу найти список литературы по маркетингу Жду ответа.,Учебный отдел
"Добрый день. У меня вопрос: не открывается вебинар, черный экран Заранее спасибо!",IT-поддержка
Добрый вечер! Пишу уже второй раз. До какого числа принимают документы абитуриентов.,Приёмная комиссия
Здравствуйте! У меня вопрос: пропал звук на онлайн лекции по статистике. Заранее спасибо!,IT-поддержка
"Добрый день. Скажите пожалуйста, когда будет посвящение в студенты Срочно!",Студенческий офис
"Добрый вечер! Не понимаю, сколько стоит проживание в общежитии. Буду благодарен за помощь.",Студенческий офис
"Здравствуйте! Учусь дистанционно. Помоигте, когда сдавать отчет по преддипломной практике? Спасибо.",Практика и трудоустройство
Как оформить студенческий проездной?,Студенческий офис
Привет. У меня вопрос: когда будет защита курсовых работ. Жду ответа.,Учебный отдел
"Уважаемые коллеги, Номер договора 64484. У меня вопрос: как попасть на стажировку в компанию-партнер Срочно!",Практика и трудоустройство
"Учусь на заочной форме. Подскажите, как получить дубликат диплома? Спасибо.",Справки и документы
"Привет. Номер договора 28941. Помогите, нет доступа к электронной библиотеке?",IT-поддержка
Учусь на заочной форме. Нужна академическая справка Срочно!,Справки и документы
Добрый день. Номер договора 50371. Нужна справка об обучении для работы. Жду ответа.,Справки и документы
"Уважаемые коллеги, Помогите, нужна справка о периоде обучения? Заранее спасибо!",Справки и документы
"Привет. Скажите пожалуйста, как попасть в студенческий театр? Срочно!",Студенческий офис
"Номер договора 27647. Скажите пожалуйста, не могу найти список литературы по праву? Срочно!",Учебный отдел
"Здравствуйте! Номер договора 31734. Не понимаю, оплатил обучение, но в личном кабинете висит задолженность. Жду ответа.",Бухгалтерия
"Здравствуйте! Помогите, платеж прошел дважды, верните лишнюю сумму Спасибо.",Бухгалтерия
"Уважаемые коллеги, Помогите, хочу поступить в магистратуру, какие нужны документы.",Приёмная комиссия
Как заселиться в общежитие.,Студенческий офис
"Я студент 4 курса, Юриспруденция. Скажите пожалуйста, есть ли волонтерские программы Срочно!",Студенческий офис
"Здравствуйте! Пишу уже второй раз. Подскажите, в общежитии не работает отопление?",Студенческий офис
"Не понимаю, можно ли переселиться в другую комнату в общежитии?",Бухгалтерия
"Не понимаю, как заказать справку для военкомата?",Справки и документы
"Добрый день. Помогите, есть ли бюджетные места на Реклама и связи с общественностью?",Приёмная комиссия
"Помогите, не открывается вебинар, черный экран.",IT-поддержка
"Добрый день. Платеж прошел дважды, верните лишнюю сумму Буду благодарен за помощь.",Бухгалтерия
"Уважаемые коллеги, Не понимаю, как заказать справку для военкомата Буду благодарен за помощь.",Справки и документы
"Добрый вечер! Учусь на заочной форме. Не понимаю, есть ли вакансии для студентов направления Реклама и связи с общественностью Заранее спасибо!",Практика и трудоустройство
"Привет. Я студент 4 курса, Прикладная информатика. Скажите пожалуйста, хочу вернуть деньги за обучение после отчисления? Буду благодарен за помощь.",Бухгалтерия
Пишу уже второй раз. Когда убдут результаты вступительного экзамена. Спасибо.,Приёмная комиссия
"Здравствуйте! Пишу уже второй раз. Не понимаю, кгода начинается следующий семестр? Заранее спасибо!",Учебный отдел
"Привет. Учусь на заочной форме. Помогите, как попасть на стажировку в компанию-партнер Жду ответа.",Практика и трудоустройство
Здравствуйте! Номер договора 88111. Есть ли вакансии для студентов направления Реклама и связи с общественностью. Заранее спасибо!,Практика и трудоустройство
"Я студент 4 курса, Бизнес-информатика. Не поинмаю, как получить разрешение на свободное посещение занятий. Заранее спасибо!",Деканат
"Добрый вечер! Пишу уже второй раз. Скажите пожалусйта, как оплатить обучение за следующий семестр",Бухгалтерия
Здравствуйте! Где найти учебный план по направлению Менеджмент Срочно!,Учебный отдел
"Здравствуйте! Номер договора 59809. Скажите пожалуйста, не могу прикрепить файл с работой, выдает ошибку? Спасибо.",IT-поддержка
"Добрый день. Я студент 2 курса, Прикладная информатика. Скажите пожалуйста, платеж прошел дважды, верните лишнюю сумму.",Бухгалтерия
"Добрый вечер! Пишу уже второй раз. Скажите пожалуйста, нужна справка для налогового вычета за обучение Срочно!",Бухгалтерия
"Привет. Не понимаю, когда будет посвящение в студенты?",Студенческий офис
"Добрый вечер! Я студент 2 курса, Прикладная информатика. Подскажите, как восстановить пароль от личного кабинета. Буду благодарен за помощь.",IT-поддержка
"Я студент 2 курса, Бизнес-информатика. У меня вопрос: нужна справка об обучении для работы.",Справки и документы
"Привет. Подскажите, можно ли перенести сркои учебной практики. Буду благодарен за помощь.",Практика и трудоустройство
"Уважаемые коллеги, Скажите пожалуйста, хочу организовать студенческий клуб Спасибо.",Студенческий офис
"Уважаемые коллеги, Преподаватель по статистике не выставил оценку в ведомость. Жду ответа.",Учебный отдел
"Подскажите, где найти место для прохождения производственной практики.",Практика и трудоустройство
Привет. Почему выросла стоимость оубчения по договору Буду благодарен за помощь.,Бухгалтерия
"Добрый день. Учусь на заочной форме. Скажите пожалуйста, нужна справка-вызов для работодателя на сессию?",Студенческий офис
Привет. У меня вопрос: где найти учебный план по направлению Юриспруденция. Спасибо.,Учебный отдел
"Уважаемые коллеги, Номер договора 62148. Скажите пожалуйста, как оформить студенческий проездной Жду ответа.",Студенческий офис
"Не понимаю, есть ли вакансии для студентов направления Экономика. Срочно!",Практика и трудоустройство
"Учусь дистанционно. Помогите, как восстановить пароль от личного кабинета.",IT-поддержка
"Уважаемые коллеги, Как оформить студенческий проездной. Спасибо.",Студенческий офис
Добрый вечер! Не отображается оценка по маркетингу в зачетной книжке Срочно!,Учебный отдел
"Уважаемые коллеги, Учусь на заочной форме. Подскажите, меня не допустили к пересдаче по статистике, что делать. Спасибо.",Деканат
"Добрый день. Пишу уже второй раз. У меня вопрос: хочу поступить на направление Прикладная информатика, какие вступительные испытания. Спасибо.",Приёмная комиссия
"Добрый вечер! Учусь дистанционно. Помогите, где найти учебный план по направлению Реклама и связи с общественностью. Срочно!",Учебный отдел
Добрый вечер! Пишу уже второй раз. У меня вопрос: сколько стоит проживание в общежитии Срочно!,Студенческий офис
"Подскажите, нужна справка для налогового вычета за обучение. Буду благодарен за помощь.",Бухгалтерия
Здравствуйте! Хочу вступить в студенческий совет? Жду ответа.,Студенческий офис
"Номер договора 12556. Помогите, где найти место для прохождения производственной практики? Буду благодарен за помощь.",Практика и трудоустройство
"Добрый день. Учусь дистанционно. Помогите, перенесли занятие по экономике, какое новое время Заранее спасибо!",Учебный отдел
Добрый день. Как оформить договор на практику с организацией Спасибо.,Практика и трудоустройство
"Привет. Меня не допустили к пересдаче по истории России, что делать? Срочно!",Бухгалтерия
"Подскажите, как попасть на стажировку в компанию-партнер? Спасибо.",Практика и трудоустройство
"У меня академическая задолженность по маркетингу, какие сроки ликвидации Спасибо.",Деканат
Добрый вечер! Нужна академическая справка.,Справки и документы
"Уважаемые коллеги, Скжаите пожалуйста, в LMS не загружается задание по базам данных.",IT-поддержка
"Добрый вечер! Я студент 5 курса, Реклама и связи с общественностью. Помогите, руководитель практики от организации не отвечает? Заранее спасибо!",Практика и трудоустройство
Добрый вечер! Учусь на заочной форме. В LMS не загружается задание по английскому языку? Заранее спасибо!,IT-поддержка
"Здравствуйте! Помогите, нужна академическая справка? Срочно!",Справки и документы
"Учусь дистанционно. Не понимаю, как восстановиться после отчисления.",Деканат
"Привет. Номер договора 25663. Подскажите, не открывается вебинар, чернйы экран? Срочно!",IT-поддержка
"Добрый вечер! Учусь дистанционно. Помогите, где найти место для прохождения производственной практики. Заранее спасибо!",Справки и документы
"Учусь дистанционно. Помогите, можно ли перенести сроки учебной практики? Спасибо.",Практика и трудоустройство
"Уважаемые коллеги, Учусь дистанционно. Не понимаю, нужна справка-вызов для работодателя на сессию Жду ответа.",Справки и документы
Привет. Учусь на заочной форме. У меня вопрос: как получить разрешение на свободное посещение занятий? Заранее спасибо!,Деканат
"Привет. Помогите, не отображается оценка по высшей математике в зачетной книжке. Буду благодарен за помощь.",Учебный отдел
"Пишу уже второй раз. Помогите, не открывается вебинар, ечрный экран?",IT-поддержка
Номер договора 67831. Как записаться в спортивную секцию Заранее спасибо!,Студенческий офис
"Добрый вечер! Номер договора 76954. Скажите пожалуйста, меня не допустили к пересдаче по английскому языку, что делать. Заранее спасибо!",Деканат
"Здравствуйте! Пишу уже второй раз. Скажите пожалуйста, как подключить корпоративную почту студента? Заранее спасибо!",IT-поддержка
"Добрый вечер! Учусь дистанционно. Скажите пожалуйста, где найти учебный план по направлению Бизнес-информатика. Заранее спасибо!",Учебный отдел
Где найти место для прохождения производственной практики.,Практика и трудоустройство
Здравствуйте! У меня вопрос: как записаться на пересдачу по экономике Заранее спасибо!,Деканат
"Уважаемые коллеги, Учусь дистанционно. Подскажите, как получить разрешение на свободное посещение занятий",Деканат
"Уважаемые коллеги, Скажите пожалуйста, когда сдавать отчет по преддипломной практике.",Практика и трудоустройство
"Номер договора 93209. Помогите, хочу оформить академический отпуск, какие документы нужны",Деканат
"Учусь на заочной форме. Не понимаю, хочу перевестись с направления Бизнес-информатика на другое направление Буду благодарен за помощь.",Деканат
"Добрый день. Подскажите, как попасть в студенческий театр? Заранее спасибо!",Студенческий офис
"Привет. Скажите пожалуйста, когда будет ярмарка вакансий Заранее спасибо!",Практика и трудоустройство
"Добрый день. Помогите, до какого числа принимают документы абитуриентов Спасибо.",Приёмная комиссия
"Уважаемые коллеги, Подскажите, как заверить копию зачетной книжки. Заранее спасибо!",Справки и документы
"Уважаемые коллеги, Учусь дистанционно. Не понимаю, где найти учебный план по направлению Прикладная информатика Буду благодарен за помощь.",Учебный отдел
"Уважаемые коллеги, Учусь на заочной форме. У меня вопрос: когда начинается следующий семестр?",Учебный отдел
"Уважаемые коллеги, Я студент 2 курса, Юриспруденция. Не понимаю, руководитель практики от организации не отвечает.",Практика и трудоустройство
Пишу уже второй раз. Нужна справка для налогового вычета за обучение.,Бухгалтерия
"Добрый день. Учусь на заочной форме. Скажите пожалуйста, когда сдавать отчет по преддипломной практике. Жду ответа.",Практика и трудоустройство
"Добрый день. Подскажите, как перевестись с очной формы обучения на заочную Заранее спасибо!",Деканат
"Добрый вечер! Скажите пожалуйста, хочу перевестись с направления Юриспруденция на другое направление Спасибо.",Деканат
"Я студент 5 курса, Прикладная информатика. Не понимаю, хочу поступить на направление Прикладная инфомратика, какие вступительные испытания. Буду благодарен за помощь.",Приёмная комиссия
Добрый день. Как оформить материальную помощь,Студенческий офис
"Привет. Номер договора 16962. Подскажите, как получить приложение к диплому на английском.",Справки и документы
Привет. Номер договора 21481. Хочу вернуть деньги за обучение после отчисления Срочно!,Бухгалтерия
Где найти учебный план по направлению Реклама и связи с общественностью. Заранее спасибо!,Учебный отдел
"Уважаемые коллеги, Номер договора 53938. Не понимаю, хочу вступить в студенческий совет? Буду благодарен за помощь.",Студенческий офис
"Уважаемые коллеги, Скажите пожалуйста, нужна справка для налогового вычета за обучение.",Бухгалтерия
"Добрый вечер! Учусь дистанционно. Меня не допустили к пересдаче по английскому языку, что делать",Деканат
Хочу перевестись с направления Бизнес-информатика на другое направление? Заранее спасибо!,Деканат
У меня вопрос: когда будет посвящение в студенты. Жду ответа.,Студенческий офис
"Привет. Платеж пршоел дважды, верните лишнюю сумму. Заранее спасибо!",Бухгалтерия
Добрый день. Номер договора 21417. У меня вопрос: можно ли пройти практику по месту работы.,Практика и трудоустройство
"Добрый день. Помогите, кто подписывает дневник практики? Буду благодарен за помощь.",Справки и документы
"Учусь на заочной форме. Помогите, не отображается оценка по программированию на Python в зачетной книжке Срочно!",Учебный отдел
"Уважаемые коллеги, Не понимаю, нужна справка-вызов для работодателя на сессию",Справки и документы
"Уважаемые коллеги, Номер договора 35329. Помогите, как заказать справку для военкомата. Заранее спасибо!",Справки и документы
"Уважаемые коллеги, Учусь на заочной форме. Подскажите, как перевестись с очной формы обучения на заочную. Спасибо.",Деканат
"Здравствуйте! Учусь на заочной форме. Скажите пожалуйста, хочу подать заявление на перевод в другой вуз?",Деканат
"Добрый день. Я студент 3 курса, Бизнес-информатика. Хочу забрать оригинал аттестата из арихва?",Справки и документы
"Уважаемые коллеги, Учусь на заочной форме. У меня вопрос: можно ли пройти практику по месту работы? Буду благодарен за помощь.",Практика и трудоустройство
"Добрый вечер! Номер договора 78116. Скажите пожалуйста, перенесли занятие по истории России, какое новое время?",Учебный отдел
"Уважаемые коллеги, Пишу уже второй раз. Не понимаю, когда сдавать отчет по преддипломной практике Жду ответа.",Практика и трудоустройство
"Помгоите, нужны реквизиты для оплаты обучения от организации. Буду благодарен за помощь.",Бухгалтерия
"Уважаемые коллеги, Учусь дистанционно. У меня вопрос: в LMS не загружается задание по экономике. Заранее спасибо!",IT-поддержка
Здравствуйте! Нужно согласовать индивидуальный график обучения? Жду ответа.,Деканат
"Здравствуйте! Учусь на заочной форме. Подскажите, как оформить договор на практику с организацией. Спасибо.",Практика и трудоустройство
"Добрый вечер! Пишу уже второй раз. Помогите, как заверить копию зачетной книжки? Буду благодарен за помощь.",Справки и документы
Пишу уже второй раз. У меня вопрос: нет доступа к электронной библиотеке?,IT-поддержка
"Здравствуйте! Помогите, как восстановить пароль от личного кабинета? Буду благодарен за помощь.",IT-поддержка
"Пишу уже второй раз. Не понимаю, в общежитии не работает отопление Спасибо.",Студенческий офис
"Здравствуйте! Подскажите, нужны реквизиты для оплаты обучения от организации? Спасибо.",Учебный отдел
"Уважаемые коллеги, Учусь дистанционно. Как получить приложение к диплому на английском.",Справки и документы
"Номер договора 55003. Скажите пожалуйста, как заверить копию зачетной книжки? Жду ответа.",Справки и документы
"Я студент 5 курса, Реклама и связи с общественностью. Хочу перевестись с направления Реклама и связи с общественностью на другое направление Спасибо.",Деканат
Пишу уже второй раз. Сколько зачетных единиц в семестре на 3 курсе Буду благодарен за помощь.,Учебный отдел
"Привет. Пмоогите, где посмотреть расписание сессии. Спасибо.",Учебный отдел
Добрый день. У меня вопрос: как заверить копию зачетной книжки,Справки и документы
"Привет. Я студент 4 курса, Менеджмент. Подскажите, хочу сменить научного руководителя курсовой работы. Спасибо.",Деканат
"Здравствуйте! Учусь дистанционно. Скажите пожалуйста, как оформить скидку на обучение для многодетной семьи? Буду благодарен за помощь.",Бухгалтерия
"Добрый вечер! Я студент 5 курса, Прикладная информатика. Помогите, как записаться на пересдачу по программированию на Python? Жду ответа.",Деканат
Учусь на заочной форме. Где посмотреть расписание сессии? Срочно!,Учебный отдел
"Уважаемые коллеги, Скажите пожалуйста, как оформить договор на практику с организацией?",Практика и трудоустройство
"Привет. Подскажите, нет доступа к электронной библиотеке Жду ответа.",IT-поддержка
"Учусь дистанционно. В расписании стоят две пары одновременно, какая правильная. Спасибо.",Учебный отдел
"Уважаемые коллеги, Скажите пожалуйста, не могу найти списко литературы по высшей математике",Учебный отдел
"Не понимаю, не пришел чек об оплате семестра Срочно!",Бухгалтерия
"Добрый день. Я студент 1 курса, Менеджмент. Есть ли вакансии для студентов направления Менеджмент",Практика и трудоустройство
Добрый вечер! У меня вопрос: сайт выдает ошибку 500 при входе Заранее спасибо!,IT-поддержка
"Уважаемые коллеги, Я студент 4 курса, Психология. Как попасть на стажировку в компанию-партнер?",Практика и трудоустройство
"У меня вопрос: перенесли занятие по праву, какое новое вермя",Учебный отдел
"Номер договора 93326. Подскажите, нужно индивидуальное задание на практику? Спасибо.",Практика и трудоустройство
"Не могу прикрепить файл с работой, выдает ошибку Жду ответа.",Бухгалтерия
Пишу уже второй раз. У меня вопрос: учитываются ли индивдиуальные достижения при поступлении? Спасибо.,Приёмная комиссия
"Привет. Учусь дистанционно. Помогите, как записаться в спортивную секцию? Заранее спасибо!",Практика и трудоустройство
"Учусь дистанционно. Скажите пожалуйста, как оформить скидку на обучение для многодетной семьи.",Бухгалтерия
Добрый день. Учусь на заочной форме. Как получить разрешение на свободное посещение занятий? Буду благодарен за помощь.,Деканат
"Я студент 3 курса, Психология. Как перевестись с очонй формы обучения на заочную Срочно!",Деканат
"Уважаемые коллеги, Учусь дистанционно. Сайт выдает ошибку 500 при входе? Жду ответа.",IT-поддержка
"Учусь на заочной форме. У меня вопрос: хочу поступить на направление Бизнес-информатика, какие встпуительные испытания. Спасибо.",Студенческий офис
"Добрый вечер! Не понимаю, сайт выдает ошибку 500 при вхоед. Буду благодарен за помощь.",IT-поддержка
Как получить копию договора на обучение и акт об оплате.,Бухгалтерия
Учусь на заочной форме. Как попасть в студенческий театр? Срочно!,Студенческий офис
"Учусь дистанционно. Не понимаю, хочу поступить в магистратуру, какие нужны документы",Приёмная комиссия
"Пишу уже второй раз. Подскажите, потерял студенческий билет, как восстановить. Срочно!",Справки и документы
"Привет. Учусь дистанционно. Помогите, как получить копию договора на обучение и акт об оплате. Буду благодарен за помощь.",Бухгалтерия
"Добрый вечер! Я студент 1 курса, Психология. Когда сдавать отчет по преддипломной практике Срочно!",Практика и трудоустройство
"Пишу уже второй раз. Платеж прошел дважды, верните лишнюю сумму Срочно!",Бухгалтерия
"Я студент 3 курса, Реклама и связи с общественностью. Платеж прошел дважды, верните лишнюю сумму Жду ответа.",Бухгалтерия
"Я студент 4 курса, Юриспруденция. Не понимаю, нужна справка для налогового вычета за обучение Спасибо.",Бухгалтерия
"Здравствуйте! Подскажите, когда будут результаты вступительного экзамена? Жду ответа.",Приёмная комиссия
"Здравствуйте! Скажите пожалуйста, сколько делается справка об обучении?",Справки и документы
"Добрый день. Пишу уже второй раз. Подскажите, нужна справка для налогового вычета за обучение? Заранее спасибо!",Бухгалтерия
"Я студент 2 курса, Юриспруденция. Приложение университета вылетает на телефоне? Срочно!",IT-поддержка
"Добрый день. Не понимаю, как восстановить пароль от личного кабинета Спасибо.",IT-поддержка
"Помогите, есть ли вакансии для студентов направления Менеджмент?",Практика и трудоустройство
"Помогите, хочу подать заявление на перевод в другой вуз",Деканат
"Пишу уже второй раз. Подскажите, хочу поступить на направление Прикладная информатика, какие вступительные испытания. Буду благодарен за помощь.",Приёмная комиссия
"Привет. Номер договора 21809. Подскажите, нужна академическая справка? Буду благодарен за помощь.",Справки и документы
"Уважаемые коллеги, Помогите, как записаться на пересадчу по английскому языку. Срочно!",Деканат
Есть ли бюджетные места на Бизнес-информаитка.,Приёмная комиссия
Привет. У меня вопрос: нужна справка о периоде обучения Срочно!,Справки и документы
"Привет. Пишу уже второй раз. Не понимаю, можно ли перенести сроки учебной практики. Срочно!",Практика и трудоустройство
Учусь на заочной форме. У меня вопрос: хочу подать заявление на перевод в другой вуз? Жду ответа.,Деканат
"Здравствуйте! Я студент 1 курса, Реклама и связи с общественностью. Потерял студенческий билет, как восстановить",Справки и документы
"Добрый вечер! Учусь дистанционно. Скажите пожалуйста, прошу продлить сессию по уважительной причине, есть больничный. Буду благодарен за помощь.",Деканат
"Привет. Не открывается вебинар, черный экран Спасибо.",IT-поддержка
"Я студент 3 курса, Юриспруденция. Помогите, где найти учебный план по направлению Юриспруденция. Заранее спасибо!",Учебный отдел
"Добрый вечер! Я студент 4 курса, Реклама и связи с общественностью. У меня вопрос: как получить копию договора на обучение и акт об оплате Жду ответа.",Бухгалтерия
"Уважаемые коллеги, У меня вопрос: можно ли поступить на второе высшее образование Заранее спасибо!",Приёмная комиссия
Пишу уже второй раз. Как попасть на стажировку в компанию-партенр. Заранее спасибо!,Практика и трудоустройство
"Пишу уже второй раз. Помогите, хочу вернуть деньги за обучение после отчисления. Срочно!",Бухгалтерия
"Подскажите, есть ли волонтерские программы. Жду ответа.",Студенческий офис
"Уважаемые коллеги, Не понимаю, преподаватель по базам данных не выставил оценку в ведомость. Жду ответа.",Учебный отдел
Здравствуйте! Пишу уже второй раз. У меня вопрос: как записаться на пересдачу по базам данных?,Деканат
"Уважаемые коллеги, Учусь дистанционно. У меня вопрос: меня не допуситли к пересдаче по базам данных, что делать? Жду ответа.",Деканат
У меня вопрос: как оформить скидку на обучение для многодетной семьи,Бухгалтерия
"Здравствуйте! Номер договора 58353. Скажите пжоалуйста, хочу оформить академический отпуск, какие документы нужны Буду благодарен за помощь.",Деканат
Пишу уже второй раз. До какого числа принимают документы абитуриентов? Жду ответа.,Приёмная комиссия
Здравствуйте! Пишу уже второй раз. Где найти учебный план по направлению Прикладная информатика,Учебный отдел
"Пишу уже второй раз. Помогите, можно ли оформить рассрочку оплаты обучения. Спасибо.",Бухгалтерия
"Привет. Я студент 2 курса, Психология. Хочу оформить академический отпуск, какие документы нужны? Спасибо.",Деканат
"Добрый вечер! Пишу уже второй раз. Помогите, когда начинается следующий семестр? Срочно!",Учебный отдел
"Уважаемые коллеги, Скажите пожалуйста, до какого чсила принимают документы абитуриентов Срочно!",Приёмная комиссия
Добрый вечер! Номер договора 71613. Есть ли волонтерские программы? Буду благодарен за помощь.,Студенческий офис
"Добрый вечер! Скажите пожалуйста, хочу забрать оригинал аттестата из архива? Заранее спасибо!",Деканат
"Привет. Учусь на заочной форме. Не понимаю, не приходит код подтверждения на почту?",IT-поддержка
"Привет. Пишу уже второй раз. Подскажите, как записаться на пересдачу по английскому языку Срочно!",Деканат
"Уважаемые коллеги, Как восстановиться после отчисления. Жду ответа.",Деканат
Добрый вечер! Пишу уже второй раз. Как восстановиться после отчисления Жду ответа.,Деканат
Добрый вечер! Учусь на заочной форме. Учитываются ли индивидуальные достижения при поступлении? Заранее спасибо!,Приёмная комиссия
Добрый вечер! Номер договора 58752. Когда будет посвящение в студенты. Жду ответа.,Студенческий офис
"Уважаемые коллеги, Я студент 5 курса, Реклама и связи с общественностью. У меня вопрос: нужна справка для пенсионного фонда, что я учусь очно",Справки и документы
"Добрый день. Подскажите, какой проходной балл был на Прикладная информатика в прошлом году Заранее спасибо!",Приёмная комиссия
Здравствуйте! У меня вопрсо: в LMS не загружается задание по менеджменту. Заранее спасибо!,IT-поддержка
"Здравствуйте! Учусь дистанционно. оПмогите, как записаться на пересдачу по праву.",Деканат
"Номер договора 54939. Подскажите, сколько зачетных единиц в семестре на 4 курсе. Жду ответа.",Учебный отдел
"Учусь на заочной форме. Подскажите, хочу поступить в магистратуру, какеи нужны документы?",Приёмная комиссия
"Добрый день. Пишу уже второй раз. Скажите пожалуйста, хочу перевестись с направления Менеджмент на другое направление. Жду ответа.",Деканат
Учусь дистанционно. Почему выросла стоимость обучения по договору. Заранее спасибо!,Бухгалтерия
Добрый вечер! Пишу уже второй раз. У меня вопрос: руководитель практики от организации не отвечает? Заранее спасибо!,Практика и трудоустройство
Добрый день. Учусь на заочной форме. У меня вопрос: как подключить корпоративную почту студента. Буду благодарен за помощь.,IT-поддержка
"Привет. Номер договора 64124. Не понимаю, я абитуриент, как узнать свое место в конкурсном списке",Приёмная комиссия
"Уважаемые коллеги, Учусь дистанционно. Помогите, хочу поступить на направление Экономика, какие вступительные исыптания Буду благодарен за помощь.",Приёмная комиссия
"Уважаемые коллеги, Когда начинается следующий семестр Жду ответа.",Учебный отдел
"Добрый день. Учусь дистанционно. У меня вопрос: перенесли занятие по статистике, какое новое время? Заранее спасибо!",Учебный отдел
"Привет. Я студент 3 курса, Прикладная информатика. Как оформить скидку на обучение для многодетной семьи.",Бухгалтерия
"Добрый день. Я студент 4 курса, Реклама и связи с общественностью. Подскажите, руководитель практики от организации не отвечает",Практика и трудоустройство
Когда будет посвящение в студенты,Студенческий офис
Привет. Учусь дистанционно. Где найти учебный план по направлению Бизнес-информатика Спасибо.,Учебный отдел
"Пишу уже второй раз. Скажите пожалуйста, у меня академическая задолженность по праву, какие сроки ликвидации?",Деканат
Добрый день. У меня вопрос: тест по экономике завис и не засчитал ответы Заранее спасибо!,IT-поддержка
"Уважаемые коллеги, Я студент 5 курса, Реклама и связи с общественностью. Скажите пожалуйста, хочу подать заявление на перевод в другой вуз? Срочно!",Деканат
"Не понимаю, как оформить договор на практику с орагнизацией.",Практика и трудоустройство
"Помогите, в расписании стоят две пары одновременно, ккаая правильная Спасибо.",Учебный отдел
Номер договора 80761. Хочу вернуть деньги за обучение после отчисления Заранее спасибо!,Бухгалтерия
Сколько стоит проживание в общежитии Буду благодарен за помощь.,Студенческий офис
Добрый вечер! Номер договора 61435. Как записаться в спортивную секцию?,Студенческий офис
"Привет. Учусь на заочной форме. Не понимаю, можно ли поступить без ЕГЭ после колледжа Спасибо.",Приёмная комиссия
"Добрый день. Я студент 1 курса, Экономика. Подскажите, какой проходной балл был на Экономика в прошлом году. Заранее спасибо!",Приёмная комиссия
"Добрый вечер! Учусь дистанционно. Помогите, учитываются ли индивидуальные достижения при поступлении?",Приёмная комиссия
"Помогите, как попасть на стжаировку в компанию-партнер",Практика и трудоустройство
"У меня вопрос: не открывается вебина,р черный экран? Спасибо.",IT-поддержка
"Уважаемые коллеги, Помогите, как заказать справку для военкомата Жду ответа.",Справки и документы
"Уважаемые коллеги, Номер договора 74547. Скажите пожалуйста, не приходит код подтверждеиня на почту Буду благодарен за помощь.",IT-поддержка
"Уважаемые коллеги, Учусь на заочной форме. Не понимаю, где анйти учебный план по направлению Бизнес-информатика? Жду ответа.",Учебный отдел
"Учусь дистанционно. У меня академическая задолженность по базам данных, какие сроки ликвидации Буду благодарен за помощь.",Деканат
"Привет. Скажите пожалуйста, хочу сменить научного руководителя курсовой работы? Заранее спасибо!",Деканат
"Пишу уже второй раз. Помогите, как оплатить обучение за следующий семестр.",Бухгалтерия
"Уважаемые коллеги, Я студент 2 курса, Психология. Подскажите, где найти учебный план по направлению Психология Буду благодарен за помощь.",Учебный отдел
Здравствуйте! Учусь дистанционно. Когда будет ярмарка вакансий. Срочно!,Практика и трудоустройство
"Привет. Подскажите, хочу забрать оригинал аттестата из архива? Спасибо.",Справки и документы
"Привет. Не понимаю, хочу поступить на направление Прикладная информатика, какие вступительные испытания? Спасибо.",Приёмная комиссия
"Добрый день. Я студент 3 курса, Менеджмент. Подскажите, где найти учебный план по направлению Менеджмент Буду благодарен за помощь.",Учебный отдел
"Уважаемые коллеги, Учусь на заочной форме. Подскажите, я абитуриент, как узнать свое место в конкурсном списке? Заранее спасибо!",Приёмная комиссия
"Уважаемые коллеги, Пишу уже второй раз. Скажите пожалуйста, нет доступа к электронной библиотеке? Заранее спасибо!",IT-поддержка
"Привет. Учусь на заочной форме. Скажите пожалуйста, нужна справка для налогового вычета за обучение. Буду благодарен за помощь.",Бухгалтерия
"Уважаемые коллеги, Хочу подать заявление на перевод в другой вуз?",Деканат
"Привет. Не понимаю, не могу войти в личный кабинет, ипшет неверный пароль Заранее спасибо!",IT-поддержка
"Уважаемые коллеги, У меня вопрос: как записаться в спортивную секцию",Студенческий офис
"Номер договора 67185. Помогите, приложение университета вылетает на телефоне. Спасибо.",IT-поддержка
"Добрый вечер! Учусь дистанционно. Не понимаю, можно ли оплатить обучение материнским капиталом. Буду благодарен за помощь.",Бухгалтерия
"Добрый вечер! Подскажите, как заселиться в общежитие? Срочно!",Студенческий офис
"Добрый день. Учусь на заочной форме. Скажите пожалуйста, как оформить скидку на обучение для многодетной семьи?",Бухгалтерия
"Учусь дистанционно. Не понимаю, когда будет экзамен по машинному обучению? Заранее спасибо!",Учебный отдел
"Добрый вечер! Пишу уже второй раз. Скажите пожалуйста, у меня академическая задолженность по статистике, какие сроки ликвидации Срочно!",Деканат
Привет. Когда будет экзамен по праву,Учебный отдел
Где посмотреть расписание сессии. Заранее спасибо!,Учебный отдел
"Я студент 3 курса, Психология. Подскажите, как получить дубликат диплома? Срочно!",Справки и документы
"Здравствуйте! Я студент 5 курса, Менеджмент. Когда будут результаты вступительного экзамена. Жду ответа.",Приёмная комиссия
"Добрый день. Я студент 5 курса, Юриспруденция. Не опнимаю, как получить копию договора на обучение и акт об оплате",Бухгалтерия
"Привет. Номер договора 76237. У меня вопрос: хочу оформить академический отпуск, какие документы нужны?",Деканат
"Добрый день. Я студент 5 курса, Реклама и связи с общественностью. У меня вопрос: когда будет день открытых дверей Спасибо.",Приёмная комиссия
Учусь на заочной форме. У меня вопрос: где найти учебный план по направлению Экономика Срочно!,Учебный отдел
Добрый вечер! У меня вопрос: когда сдавать отчет по преддипломной практике. Жду ответа.,Практика и трудоустройство
"Привет. Помогите, как подать документы на поступление онлайн. Заранее спасибо!",Приёмная комиссия
Здравствуйте! Номер договора 11582. Как оформить маетриальную помощь.,Студенческий офис
Добрый вечер! Учусь на заочной форме. У меня вопрос: хочу перевестись с направления Бизнес-информатика на другое направление Срочно!,Деканат
Добрый вечер! До какого числа принимают документы абитуриентов?,Приёмная комиссия
"Добрый вечер! Пишу уже второй раз. Помогите, почему выросла стоимость обучения по договору. Жду ответа.",Бухгалтерия
"Привет. Я студент 2 курса, Юриспруденция. Подскажите, когда будет ярмарка вакансий Жду ответа.",Практика и трудоустройство
"Привет. Учусь на заочной форме. Скажтие пожалуйста, нужна справка для пенсионного фонда, что я учусь очно. Срочно!",Справки и документы
"Добрый день. Помогите, где найти учебный план по направлению Юриспруденция Спасибо.",Учебный отдел
"Не могу войти в личный кабинет, пишет неверный пароль Буду благодарен за помощь.",IT-поддержка
"Добрый вечер! Подскажите, сколько зачетных единиц в семестре на 3 курсе? Жду ответа.",Учебный отдел
"Добрый день. Я студент 2 курса, Прикладная информатика. Сколько делается справка об обучении? Буду благодарен за помощь.",Справки и документы
"Привет. Я студент 3 курса, Прикладная информатика. У меня вопрос: перенесли занятие по машинному обучению, какое новое время Буду благодарен за помощь.",Учебный отдел
У меня вопрос: как получить приложение к диплому на английском?,Справки и документы
"Здравствуйте! Не понимаю, нужна справка о периоде обучения Жду ответа.",Справки и документы
"Добрый вечер! Я студент 1 курса, Психология. Помогите, где найти уечбный план по направлению Психология Спасибо.",Учебный отдел
"Уважаемые коллеги, Учусь на заочной форме. У меня вопрос: сайт выдает ошбику 500 при входе Жду ответа.",IT-поддержка
"Уважаемые коллеги, Номер договора 68002. Как восстановить пароль от личного кабинета",IT-поддержка
Добрый вечер! Номер договора 70260. Хочу подать заявление на перевод в другой вуз. Буду благодарен за помощь.,Деканат
Добрый вечер! Как оформить скидку на обучение для многодетной семьи? Жду ответа.,Бухгалтерия
"Добрый день. Не понимаю, можно ли пройти практику по месту работы.",Практика и трудоустройство
"Уважаемые коллеги, Я студент 3 курса, Экономика. Нужна справка об обучении для работы Спасибо.",Справки и документы
"Здравствуйте! Учусь на заочной форме. Скажите поажлуйста, как оформить материальную помощь",Студенческий офис
"Добрый день. Скажите пожалуйста, где посмотреть расписание сессии Спасибо.",Учебный отдел
"Здравствуйте! Подскажите, как перевестись с очной формы обучения на заочную. Жду ответа.",Деканат
"Здравствуйте! Подскажите, не пришел чек об оплате семестра. Спасибо.",Бухгалтерия
"Добрый вечер! Номер договора 30377. Скажите пожалуйста, когда будет посвящение в студенты Срочно!",Студенческий офис
"Скажите пожалуйста, руководитель практики от организации не отвечает Срочно!",Практика и трудоустройство
"Здравствуйте! Номер договора 45522. Скажите пожалуйста, можно ли переселиться в другую комнату в общежитии? Буду благодарен за помощь.",Студенческий офис
"Учусь дистанционно. Не понимаю, хочу организовать студенческий клуб Жду ответа.",Студенческий офис
"Добрый день. Пишу уже второй раз. Не понимаю, где посмотреть расписание сессии. Жду ответа.",Учебный отдел
Добрый день. Номер договора 27898. У меня вопрос: когда сдавать отчет по преддипломной практике Спасибо.,Практика и трудоустройство
"Пишу уже второй раз. У меня вопрос: меня не допустили к пересдаче по философии, что делать Срочно!",Деканат
"Я студент 3 курса, Юриспруденция. У меня овпрос: как оформить материальную помощь Заранее спасибо!",Студенческий офис
"Добрый день. Помогите, можно ли оформить рассрочку оплаты обучения Срочно!",Бухгалтерия
"Скажите пожалуйста, как записаться в спортивную секцию? Срочно!",Студенческий офис
Номер договора 62755. Есть ли вакансии для студентов направления Прикладная информатика. Жду ответа.,Практика и трудоустройство
"Уважаемые коллеги, У меня вопрос: преподаватель по маркетингу не выставил оценку в ведомость Жду ответа.",Учебный отдел
"Я студент 2 курса, Реклама и связи с общественностью. Не пноимаю, помогите составить резюме для стажировки. Жду ответа.",Практика и трудоустройство
"Привет. Помогите, как оформить студенческий проездной? Жду ответа.",Студенческий офис
"Уважаемые коллеги, Учусь на заочной форме. У меня вопрос: как оформить скидку на обучение для многодетной семьи. Буду благодарен за помощь.",Бухгалтерия
Учусь на заочной форме. У меня вопрос: как попасть в студенческий театр? Срочно!,Студенческий офис
"Привет. Помогите, не приходит код подтвержденяи на почту Жду ответа.",IT-поддержка
"Учусь дистанционно. Скажите пожалуйста, я абитуриент, как узнать свое место в конкурсном списке Спасибо.",Приёмная комиссия
"Добрый день. Помогите, когда будет защита курсовых работ? Жду ответа.",Учебный отдел
"Добрый день. Учусь на заочной форме. Не понимаю, сайт выдает ошибку 500 при входе? Заранее спасибо!",IT-поддержка
"Учусь дистанционно. Не понимаю, преподаватель по менеджменту не выставил оценку в ведомость.",Учебный отдел
Здравствуйте! Как заказать справку для военкомата? Жду ответа.,Справки и документы
"Привет. Я студент 1 курса, Реклама и связи с общественностью. Помогите, хочу поступить на направление Реклама и связи с общественностью, какие вступительные испытания. Спасибо.",Приёмная комиссия
"Учусь на заочной форме. Не понимаю, нужна справка для налогового вычета за обучение. Жду ответа.",Бухгалтерия
"Привет. Учусь на заочной форме. Скажите пожалуйста, оплаитл обучение, но в личном кабинете висит задолженность. Буду благодарен за помощь.",Бухгалтерия
"Добрый вечер! Я студент 1 курса, Бизнес-информатика. Скажите пожалуйста, приложение университета вылетает на телефоне",IT-поддержка
У меня вопрос: приложение университета вылетает на телефоне Заранее спасибо!,IT-поддержка
"Здравствуйте! Я студент 5 курса, Реклама и связи с общественностью. Нужно индивидуальное задание на практику Заранее спасибо!",Практика и трудоустройство
Добрый день. Пишу уже второй раз. У меня вопрос: хочу вернуть деньги за обучение после отчисления. Жду ответа.,Бухгалтерия
Добрый вечер! Пишу уже второй раз. Нет доступа к электронной библиотеке,IT-поддержка
Добрый вечер! Номер договора 53553. Можно ли перенести сроки учебной практики?,Практика и трудоустройство
Здравствуйте! Есть ли волонтерские программы Спасибо.,Студенческий офис
"Я студент 1 курса, Психология. Не понимаю, нужны реквизиты для оплаты обучения от организации Срочно!",Бухгалтерия
"Добрый вечер! Учусь на заочной форме. Помогите, хочу забрать оригинал аттестата из архива Буду благодарен за помощь.",Справки и документы
Учусь на заочной форме. У меня вопрос: нужна справка-вызов для работодателя на сессюи Спасибо.,Справки и документы
Привет. Учусь на заочной форме. Можно ли поступить на второе высшее образование,Приёмная комиссия
"Добрый день. Учусь на заочной форме. Скажите пожалуйста, хочу поступить в магистратуру, какие нужын документы? Заранее спасибо!",Приёмная комиссия
"Здравствуйте! Скажите пожалуйста, как восстановиться после отчисления Спасибо.",Деканат
"Привет. Учусь на заочной форме. Подскажите, не отображается оценка по маркетингу в зачетной книжке? Спасибо.",Учебный отдел
"Здравствуйте! Учусь на заочной форме. Подскажите, как получить копию договора на обучение и акт об оплате. Заранее спасибо!",Учебный отдел
Можно ли пройти рпактику по месту работы?,Практика и трудоустройство
"Добрый день. Помогите, хочу организовать студенческий клуб. Жду ответа.",Студенческий офис
"Добрый день. Учусь на заочной форме. Не понимаю, в общежитии не работает отопление.",Студенческий офис
"Добрый вечер! Я студент 1 курса, Прикладная информатика. У меня вопрос: не отображается оценка по истории России в зачетной книжке. Жду ответа.",Учебный отдел
"Номер договора 15896. Скажите пожалуйста, нужны реквизиты для оплаты обучения от организации?",Бухгалтерия
"Добрый день. Скажите пожалуйста, хочу организовать студенческий клуб. Заранее спасибо!",Студенческий офис
"Учусь на заочной форме. Не понимаю, хочу перевестись с направления Бизнес-информатика на другое напарвление. Заранее спасибо!",Деканат
"Добрый вечер! Номер договора 58629. Помогите, хочу сменить научного руководителя курсовой работы Жду ответа.",Деканат
Здравствуйте! Нужна справка об обучении для работы Заранее спасибо!,Справки и документы
"Уважаемые коллеги, Я студент 5 курса, Менеджмент. Скажите пожалуйста, оплатил обучение, но в личном кабинете висит задолженность. Спасибо.",Бухгалтерия
Добрый вечер! Помогите составить резюме для стажировки Заранее спасибо!,Практика и трудоустройство
"Уважаемые коллеги, Я студент 2 курса, Психология. У меня вопрос: нужна справка для пенсионного фонда, что я учусь очно Спасибо.",Справки и документы
"Здравствуйте! Я студент 2 курса, Бизнес-информатика. У меня вопрос: меня не допустиил к пересдаче по праву, что делать Буду благодарен за помощь.",Деканат
"Учусь на заочной форме. Скажите пожалуйста, как получить копию договора на обучение и акт об оплате? Жду ответа.",Бухгалтерия
Добрый вечер! Пишу уже второй раз. Как попасть на стажировку в компани-юпартнер. Спасибо.,Практика и трудоустройство
"Привет. Пишу уже второй раз. Скажите пожалуйста, как оформить скидку на обучение для многодетной семьи",Бухгалтерия
"Здравствуйте! Я студент 4 курса, Психология. Хочу встуипть в студенческий совет Жду ответа.",Студенческий офис
"Скажите пожалуйста, как оформить договор на практику с организацией",Практика и трудоустройство
"Уважаемые коллеги, Почему выросла стоимость обучения по договору. Срочно!",Бухгалтерия
"Я студент 3 курса, Менеджмент. Не понимаю, как заказать справку для военкомата Буду благодарен за помощь.",Справки и документы
"Добрый день. Я студент 1 курса, Психология. Подскажите, можно ли оформить рассрочку оплаты обучения Спасибо.",Бухгалтерия
Пишу уже второй раз. Какой проходной балл был на Юриспруденция в прошлом году. Срочно!,Приёмная комиссия
Здравствуйте! Пишу уже второй раз. Как получить разрешение на свободное посещение занятий?,Практика и трудоустройство
"Добрый вечер! Номер договора 65389. Не понимаю, когда будет посвящение в студенты Буду благодарен за помощь.",Студенческий офис
"Привет. Учусь на заочной форме. Нужна справка для пенсионного фонда, что я учусь очно Жду ответа.",Учебный отдел
Добрый вечер! Учусь на заочной форме. У меня вопрос: как получить дубликат диплома,Справки и документы
"Уважаемые коллеги, Помогите, преподаватель по маркетингу не выставил оценку в ведомость. Заранее спасибо!",Учебный отдел
Привет. Учусь на заочной форме. Когда начинается следующий семестр Срочно!,Учебный отдел
Здравствуйте! У меня вопрос: не отображается оценка по философии в зачетной книжке. Заранее спасибо!,Учебный отдел
"Уважаемые коллеги, Скажите пожалуйста, как попасть в студенческий театр. Жду ответа.",Студенческий офис
"Здравствуйте! Номер договора 27786. Не понимаю, у меня академическая задолженность по высшей математике, какие сроки ликвидации. Спасибо.",Деканат
"Добрый вечер! Учусь дистанционно. Не понимаю, сколько стоит проживание в общежитии. Буду благодарен за помощь.",Студенческий офис
"Уважаемые коллеги, Учусь на заочной форме. Скажите пожалуйста, сколько зачетных единиц в семестре на 4 курсе?",Учебный отдел
"Скажите пожалуйста, как восстановиться после отчисления.",Деканат
"Добрый вечер! Не понимаю, можно ли оплатить обучение материнским капиталом.",Бухгалтерия
"Здравствуйте! Потерял студенческий биелт, как восстановить. Буду благодарен за помощь.",Справки и документы
Пишу уже второй раз. У меня вопрос: где посмотреть расписание сессии.,Учебный отдел
"Оплатил обучение, но в личном кабинете висит задолженность? Буду благодарен за помощь.",Бухгалтерия
Здравствуйте! В LMS не загружается задание по программированию на Python? Жду ответа.,IT-поддержка
"Добрый день. Учусь дистанционно. Перенесли занятие по маркетингу, какое новое время",Учебный отдел
"Здравствуйте! Помогите, когда сдавать отчет по преддипломной практике Жду ответа.",Практика и трудоустройство
"Добрый день. Учусь на заочной форме. Не понимаю, как заселиться в общежитие. Жду ответа.",Студенческий офис
Добрый день. Учусь на заочной форме. У меня вопрос: нет доступа к электронной библиотеке Жду ответа.,Приёмная комиссия
"Уважаемые коллеги, Я студент 1 курса, Юриспруденция. Как оформить студенческий проездной. Срочно!",Студенческий офис
Привет. У меня вопрос: как записаться в спортивную секцию Заранее спасибо!,Практика и трудоустройство
Привет. Пишу уже второй раз. Когда будет день открытых дверей. Спасибо.,Приёмная комиссия
"Уважаемые коллеги, Пишу уже второй раз. У меня вопрос: как попасть в студенческий театр. Буду благодарен за помощь.",Студенческий офис
"Уважаемые коллеги, Как восстановиться после отчисления? Спасибо.",Деканат
Номер договора 84232. У меня вопрос: сколько делается справка об обучении? Спасибо.,Справки и документы
"Добрый вечер! Не понимаю, как заселиться в общежитие Жду ответа.",Студенческий офис
Здравствуйте! Пишу уже второй раз. Почему выросла стоимость обучения по договору? Срочно!,Бухгалтерия
"Добрый день. Я студент 4 курса, Юриспруденция. Скажите пожалуйста, учитываютяс ли индивидуальные достижения при поступлении. Буду благодарен за помощь.",Приёмная комиссия
"Добрый вечер! Учусь дистанционно. Подскажите, не пришел чек об оплате семестра? Заранее спасибо!",Бухгалтерия
"Скажите пожалуйста, помогите составить резюме для стажировки. Спасибо.",Практика и трудоустройство
"Добрый вечер! Учусь на заочной форме. Не понимаю, когда будет защита курсовых работ",Учебный отдел
"Добрый день. Номер договора 19570. Хочу поступить на направление Прикладная информатика, какие вступительные испытания Спасибо.",Приёмная комиссия
"Учусь дистанционно. Не понимаю, как оформить скидку на обучение для многодетной семьи. Буду благодарен за помощь.",Студенческий офис
"Подскажите, можно ли оплатить обучение материнским капиталом? Спасибо.",Бухгалтерия
"Уважаемые коллеги, Подскажите, сколько стоит проживание в общежитии Заранее спасибо!",Студенческий офис
"Уважаемые коллеги, Учусь на заочной форме. Как оформить студечнеский проездной? Буду благодарен за помощь.",Студенческий офис
"Подскажите, как попасть на стажировку в компанию-партнер? Спасибо.",Практика и трудоустройство
"Добрый день. Учусь на заочной форме. Помогите, как перевестись с очной формы обучения на заочную Срочно!",Деканат
"Уважаемые коллеги, Учусь дистанционно. Прошу продлить сессию по уважительной причине, есть больничный",Деканат
"Уважаемые коллеги, Номер договора 38382. Не понимаю, есть ли бюджетные места на Реклама и связи с общественностью? Срочно!",Приёмная комиссия
"Скажите пожалуйста, не открывается вебинар, черный экран? Спасибо.",IT-поддержка
"Помогите, как подключить корпоративную почту студента? Жду ответа.",IT-поддержка
"Уважаемые коллеги, Номер договора 52312. Подскажите, когда начинается следующий семестр. Срочно!",Учебный отдел
"Учусь на заочной форме. Скажите пожалуйста, когда будет защита курсовых работ",Учебный отдел
"Добрый день. Подскажите, тест по высшей математике завис и не засчитал ответы Срочно!",IT-поддержка
"Добрый день. Скажите пожалуйста, как оформить стуеднческий проездной? Спасибо.",Студенческий офис
Здравствуйте! Как оформить материальную помощь. Спасибо.,Студенческий офис
"Добрый день. Скажите пожалуйста, меня не допустили к пересдаче по истории России, что делать.",Деканат
"Добрый вечер! Скажите пожалуйста, нужна академическая справка Срочно!",Справки и документы
"Уважаемые коллеги, Нужна справка о периоде обучения Срочно!",Справки и документы
"Здравствуйте! Не понимаю, как получить дубликат диплома Заранее спасибо!",Справки и документы
"Привет. Учусь на заочной форме. У меня вопрос: хочу оформить академический отпуск, какие документы нужны Спасибо.",Деканат
"Привет. Учусь на заочной форме. Подскажите, меня не допустили к пересдаче по статистике, что делать. Жду ответа.",Бухгалтерия
"Помогите, как попасть на стажировку в компанию-партнер. Жду ответа.",Практика и трудоустройство
"Привет. Учусь дистанционно. Скажите пожалуйста, кто подписывает дневник практики. Заранее спасибо!",Практика и трудоустройство
Добрый день. Хочу забрать оригинал аттестата из архива? Буду благодарен за помощь.,Справки и документы
"Добрый день. Номер договора 50037. Помогите, где посмотреть расписание сессии Срочно!",Учебный отдел
"Учусь дистанционно. Не понимаю, когда начинается следующий семестр.",Учебный отдел
"Добрый вечер! Скажите пожалуйста, когда будет защита курсовых раобт. Заранее спасибо!",Учебный отдел
"Здравствуйте! Подскажите, где найти место для прхоождения производственной практики. Заранее спасибо!",Практика и трудоустройство
"Уважаемые коллеги, Учусь на заочной форме. У меня вопрос: оплатил обучение, но в личном кабинете висит задолженность",Бухгалтерия
"Добрый вечер! Помогите, нужна справка об обучении для работы",Справки и документы
"Скажите пожаулйста, как оформить скидку на обучение для многодетной семьи?",Бухгалтерия
Здравствуйте! Как записаться на пересдачу по базам данных. Заранее спасибо!,Деканат
"Добрый вечер! Подскажите, как записаться на пересдачу по английскому языку? Заранее спасибо!",Деканат
"Добрый день. Прошу продлить сессию по уважительной причине, есть больничный Спасибо.",Деканат
"Уважаемые коллеги, Пишу уже второй раз. Можно ли пройти практику по месту работы. Заранее спасибо!",Практика и трудоустройство
"Подскажите, почему выросла стоимость обучения по договору",Бухгалтерия
"Привет. Помогите, нужна справка для налогового вычета за обучение. Буду благодарен за помощь.",Бухгалтерия
Привет. Учусь дистанционно. Как получить копию договора на обучение и акт об оплате? Заранее спасибо!,Бухгалтерия
Учусь дистанционно. Почему вырсола стоимость обучения по договору?,Бухгалтерия
Как заказать справку для военкомата,Учебный отдел
"Здравствуйте! Учусь дистанционно. Скажите пожалуйста, есть ли вакансии для студентов направления Бизнес-информатика? Спасибо.",Практика и трудоустройство
"Привет. Учусь дистанционно. Скажите пожалуйста, хочу подать заявление на перевод в другой вуз. Жду ответа.",Деканат
Здравствуйте! Учусь дистанционно. У меня вопрос: когда будет день отркытых дверей,Приёмная комиссия
"Уважаемые коллеги, Помогите, хочу поступить в магистратуру, какие нужны документы? Спасибо.",Приёмная комиссия
"Здравствуйте! Я студент 2 курса, Психология. У меня вопрос: как оформить скидку на обучение для многодетной семьи Срочно!",Бухгалтерия
"Пишу уже второй раз. Подскажите, платеж прошел дважды, верните лишнюю сумму? Буду благодарен за помощь.",Бухгалтерия
"Добрый вечер! Не понимаю, не отображается оценка по статистике в зачетной книжке",Учебный отдел
Добрый вечер! Учусь на заочной форме. Есть ли вакансии для студентов направления Реклама и связи с общественностью Спасибо.,Практика и трудоустройство
"Уважаемые коллеги, Как подать документы на поступление онлайн",Приёмная комиссия
"Привет. Скажите пожалуйста, у меня академическая задолженность по высшей математике, какие сроки ликвидации Буду благодарен за помощь.",Деканат
"Уважаемые коллеги, Учусь дистанционно. Скажите опжалуйста, есть ли волонтерские программы?",Студенческий офис
Как заказать справку для вонекомата Спасибо.,Справки и документы
"Добрый день. Не понимаю, пропал звук на онлайн лекции по маркетингу? Срочно!",IT-поддержка
Привет. У меня вопрос: нужна справка для налогового вычета за обучение. Спасибо.,Бухгалтерия
Хочу вступить в студенческий совет. Жду ответа.,Справки и документы
"Привет. Скажите пожалуйста, как заселиться в общежитие? Спасибо.",Студенческий офис
Приложение университета вылетает на телефоне Буду благодарен за помощь.,IT-поддержка
"Здравствуйте! Учусь на заочной форме. Подскажите, до какого числа принимают докуметны абитуриентов Срочно!",Приёмная комиссия
"Добрый вечер! Помогите, хочу перевестись с направления Психология на другое направление. Срочно!",Деканат
Как оплучить дубликат диплома. Жду ответа.,Справки и документы
"Здравствуйте! Скажите пожалуйста, когда сдавать отчет по преддипломной практике?",Практика и трудоустройство
"Привет. Учусь дистанционно. Не понимаю, есть ли вакансии для студентов направления Психология. Буду благодарен за помощь.",Практика и трудоустройство
Привет. Пишу уже второй раз. У меня вопрос: как получить копию договора на обучение и акт об оплате Заранее спасибо!,Бухгалтерия
"Добрый вечер! Учусь на заочной форме. Помогите, не открывается вебинар, черный экран. Срочно!",IT-поддержка
"Привет. Пишу уже второй раз. Подскажите, хочу вступить в студенчексий совет?",Студенческий офис
"Помогите, есть ли вакансии для студентов направления Менеджмент.",Практика и трудоустройство
"Я студент 3 курса, Юриспруденция. Помогите, платеж прошел дважды, верните лишнюю сумму? Спасибо.",Бухгалтерия
"Добрый вечер! Пишу уже второй раз. Скажите пожалуйста, когда будет экзамен по программированию на Python. Срочно!",Учебный отдел
"Учусь дистанционно. Подскажите, сколько делается справка об обучении? Буду благодарен за помощь.",Справки и документы
"Уважаемые коллеги, Пишу уже второй раз. Меня не допустили к пересдаче по статистике, что делать.",Деканат
"Здравствуйте! Скажите пожалуйста, окгда будет ярмарка вакансий. Заранее спасибо!",Практика и трудоустройство
"Добрый день. Нужна справка для пенсионного фонда, что я учусь очно. Заранее спасибо!",Справки и документы
"Привет. Я студент 5 курса, Реклама и связи с общественностью. Скажите пожалуйста, когда начинается следующий семестр? Спасибо.",Учебный отдел
"Я студент 2 курса, Прикладная информатика. Как оформить договор на практику с организаицей? Буду благодарен за помощь.",Практика и трудоустройство
"Добрый вечер! Подскажите, преподаватель по английскому языку не выставил оценку в ведомость",Учебный отдел
"Я студент 1 курса, Менеджмент. Скажите пожалуйста, приложение университета влыетает на телефоне Заранее спасибо!",IT-поддержка
"Добрый день. У меня вопрос: не могу прикрепить файл с работой, выдает ошибку? Буду благодарен за помощь.",IT-поддержка
"Добрый вечер! Не понимаю, как записаться в спортивную секцию? Срочно!",Студенческий офис
"Уважаемые коллеги, Не понимаю, хочу вступить в студенческий совет.",Студенческий офис
"Здравствуйте! Не понимаю, хочу поступить в магистратуру, какие нужны документы. Срочно!",Приёмная комиссия
"Пишу уже второй раз. Не понимаю, прошу продлить сессию по уважительной причине, есть больничный Буду благодарен за помощь.",Деканат
"Здравствуйте! Скажите пожалуйста, хочу забрать оригинал аттестата из архива Заранее спасибо!",Справки и документы
"Уважаемые коллеги, Номер договора 39536. Не понимаю, пропал звук на онлайн лекции по машинному обучению.",IT-поддержка
"Уважаемые коллеги, Я студент 3 курса, Реклама и связи с общественностью. Скажите пожалуйста, потерял студенческий билет, как восстановить. Срочно!",Справки и документы
"Добрый день. Подскажите, не открывается вебинар, чреный экран. Спасибо.",IT-поддержка
"Я студент 5 курса, Прикладная информатика. Скажите пожалуйста, нужно согласовать индивидуальный график обучения",Деканат
"Здравствуйте! Номер договора 78819. Скажите пожалуйста, нужна справка-вызов для работодателя на сессию Срочно!",Справки и документы
"Здравствуйте! Номер договора 59857. Скажите пожалуйста, хочу подать заявление на перевод в другой вуз? Срочно!",Деканат
"Уважаемые коллеги, Как оформтиь материальную помощь.",Студенческий офис
Номер договора 45867. Есть ли бюджетные места на Экономика?,Приёмная комиссия
"Здравствуйте! Учусь на заочной форме. Помогите, хочу забрать оригинал аттестата из архива.",Справки и документы
"Здравствуйте! Номер договора 83505. Хочу поступить на направление Реклама и связи с общественностью, какие вступительные испытания?",Приёмная комиссия
"Учусь на заочной форме. Помогите, когда сдавать отчет по преддипломной практике? Жду ответа.",Практика и трудоустройство
Добрый вечер! Не могу найти список литературы по праву. Буду благодарен за помощь.,Учебный отдел
"Уважаемые коллеги, Учусь на заочной форме. Подскажите, когда будут результаты вступительного экзамена? Заранее спасибо!",Приёмная комиссия
"Привет. Номер договора 74595. Не понимаю, потерял студенческий билет, как восстановить Заранее спасибо!",Справки и документы
"Учусь на заочной форме. Подскажите, можно ли поступить на второе высшее образование Срочно!",Приёмная комиссия
"Я студент 3 курса, Бизнес-информатика. Не понимаю, прошу продлить сессию по уважительной причине, есть больничный?",Деканат
"Добрый день. Пишу уже второй раз. Не понимаю, нужна справка-вызов для работодателя на сессию",Справки и документы
"Уважаемые коллеги, Номер договора 55579. Есть ли вакансии для студентов направления Реклама и связи с общественностью. Спасибо.",Практика и трудоустройство
"Добрый вечер! Пишу уже второй раз. Хочу поступить в магистратуру, какие нужны документы.",Приёмная комиссия
"Уважаемые коллеги, У меня вопрос: помогите составить резюме для стажировки?",Практика и трудоустройство
"Привет. Скажите пожалуйста, как заселиться в общежитие Срочно!",Студенческий офис
"Уважаемые коллеги, Я студент 3 курса, Бизнес-информатика. У меня вопрос: когда будет защита курсовых работ Спасибо.",Учебный отдел
"Здравствуйте! Помогите, хочу поступить на направление Бизнес-информатика, какие вступительные испытания?",Приёмная комиссия
"Уважаемые коллеги, Подскажите, хочу сменить научного руководителя курсовой работы. Спасибо.",Деканат
"Не понимаю, нужна справка для пенсионного фонда, что я учусь очно?",Справки и документы
"Привет. Помогите, какие дисциплины по выбору есть на 5 курсе. Заранее спасибо!",Учебный отдел
Номер договора 26880. Когда будет экзамен по абзам данных. Срочно!,Учебный отдел
"Номер договора 19887. Скажите пожалуйста, есть ли волонтерские программы Заранее спасибо!",Студенческий офис
Не пришел чек об оплате семестра. Спасибо.,Бухгалтерия
Добрый день. Учусь дистанционно. Нужно согласовать индивидуальный график обучения.,Деканат
"Скажите пожалуйста, пропал звук на онлайн лекции по менеджменту Заранее спасибо!",IT-поддержка
"Привет. Я студент 2 курса, Психология. Хочу подать заявление на перевод в другой вуз",Деканат
"Привет. Я студент 4 курса, Реклама и связи с общественностью. Не понимаю, как оформить договор на практику с организацией?",Практика и трудоустройство
"Здравствуйте! Учусь дистанционно. Скажите пожалуйста, хочу подать заявление на перевод в другой вуз?",Деканат
"Добрый вечер! Пишу уже второй раз. Скажите пожалуйста, хочу забрать оригинал аттестата из архива. Заранее спасибо!",Справки и документы
"Номер договора 49326. Подскажите, какие дисциплины по выбору есть на 4 курсе",Учебный отдел
"Учусь дистанционно. Не понимаю, когда будут результаты вступительного экзамена",Приёмная комиссия
"Уважаемые коллеги, У меня вопрос: как заселиться в общежитие?",Учебный отдел
Привет. Учусь на заочной форме. Когда будет защита курсовых работ?,Учебный отдел
"Помогите, как подать дкоументы на поступление онлайн. Жду ответа.",Приёмная комиссия
"Добрый день. Не понимаю, тест по статистике завис и не засчитал отевты? Буду благодарен за помощь.",IT-поддержка
"Я студент 2 курса, Экономика. Не понимаю, приложение университета вылетает на телефоне Срочно!",IT-поддержка
"Добрый вечер! Учусь на заочной форме. Не понимаю, не отображается оценка по философии в зачетной книжке.",Учебный отдел
Добрый день. Учусь на заочной форме. Хочу вернуть деньги за обучение после отчисления. Заранее спасибо!,Бухгалтерия
"Привет. Учусь на заочной форме. оПмогите, как заверить копию зачетной книжки?",Справки и документы
Здравствуйте! Как подать документы на поступление онлайн,Приёмная комиссия
"Добрый день. Я студент 5 курса, Психология. Кто подписывает дневник практики. Срочно!",Практика и трудоустройство
"Уважаемые коллеги, Помогите, как получить дубликат диплома? Заранее спасибо!",Справки и документы
Учусь на заочной форме. Когда будет день открытых дверей.,Приёмная комиссия
Добрый вечер! У меня вопрос: нет доступа к электронной библиотеке. Спасибо.,IT-поддержка
"Добрый вечер! Пишу уже второй раз. Подскажите, можно ли оформить рассрочку оплаты обучения? Заранее спасибо!",Бухгалтерия
Добрый вечер! Учусь на заочной форме. У меня вопрос: когда сдавать отчет по преддипломной практике. Жду ответа.,Практика и трудоустройство
"Добрый вечер! Учусь на заочной форме. Скажите пожалуйста, хочу подать заявлнеие на перевод в другой вуз. Буду благодарен за помощь.",Деканат
Здравствуйте! Учусь дистанционно. Нужна академическая справка?,Справки и документы
Привет. Как получить приложение к диплому на английском Спасибо.,Справки и документы
Добрый вечер! Номер договора 65134. Можно ли поступить на второе высшее образование?,Приёмная комиссия
Привет. Номер договора 28184. Как подать документы на поступление онлайн.,Приёмная комиссия
"Здравствуйте! Не открывается вебинар, черный экран Спасибо.",IT-поддержка
"Пишу уже второй раз. Не понимаю, хочу подать заявелние на перевод в другой вуз. Буду благодарен за помощь.",Деканат
"Добрый вечер! Пишу уже второй раз. Не понимаю, сколько делается справка об обучении? Жду ответа.",Справки и документы
"Подскажите, как заверить копию зачетной книжки Срочно!",Справки и документы
"Здравствуйте! Подскажите, когда будет защита курсвоых работ?",Учебный отдел
Привет. Номер договора 75401. Приложение университета вылетает на телефоне Спасибо.,IT-поддержка
"Здравствуйте! Скажите пожалуйста, можно ли оформить рассрочку оплаты обучения",Бухгалтерия
Добрый вечер! Учусь на заочной форме. Как заселиться в общежитие. Срочно!,Студенческий офис
"Учусь дистанционно. Помогите, хочу поступить в магистратуру, какие нужны документы Заранее спасибо!",Приёмная комиссия
Как оформить скидку на обучеине для многодетной семьи. Срочно!,Бухгалтерия
"Добрый вечер! Учусь на заочной форме. Не понимаю, не могу прикрепить файл с работой, выдает ошибку. Жду ответа.",IT-поддержка
"Добрый вечер! Пишу уже второй раз. Не понимаю, сколько делается справка об обучении? Срочно!",Справки и документы
Пишу уже второй раз. Пропал звук на онлайн елкции по менеджменту,IT-поддержка
"Пишу уже второй раз. Помогите, в расписании стоят две пары одновременно, какая правильная.",Учебный отдел
Пишу уже второй раз. Не отображается оценка по менеджменту в зачетной книжке? Заранее спасибо!,Учебный отдел
Привет. Учусь дистанционно. Как получить разрешнеие на свободное посещение занятий.,Деканат
"Уважаемые коллеги, Как оформить студенческий проездной.",Студенческий офис
У меня вопрос: как попсать в студенческий театр Срочно!,Студенческий офис
Здравствуйте! Скоьлко стоит проживание в общежитии. Заранее спасибо!,Студенческий офис
"Уважаемые коллеги, Номер договора 12441. Не понимаю, когда будет защита курсовых работ Срочно!",Учебный отдел
Какой прохдоной балл был на Менеджмент в прошлом году? Спасибо.,Приёмная комиссия
"Учусь дистанционно. Не понимаю, нунжа справка об обучении для работы? Заранее спасибо!",Справки и документы
"Уважаемые коллеги, Не понимаю, как оформить скидку на обучение для многодетной семьи. Спасибо.",Бухгалтерия
Здравствуйте! Номер договора 59253. Можно ли оплатить обучение материнским капиталом?,Бухгалтерия
"Добрый вечер! Учусь на заочной форме. Подскажите, кто подписывает дневник практики",Практика и трудоустройство
"Учусь на заочной форме. Помоигте, не приходит код подтверждения на почту? Заранее спасибо!",IT-поддержка
"Добрый день. Учусь на заочной форме. Подскажите, есть ли вакансии для студентов направления Менеджмент Заранее спасибо!",Практика и трудоустройство
"Добрый день. Учусь дистанционно. Скажите пожалуйста, не могу войти в личный кабинет, пишет неверный пароль. Буду благодарен за помощь.",IT-поддержка
"Привет. Учусь на заочной форме. Не понимаю, можно ли переселиться в другую комнату в общежитии Буду благодарен за помощь.",Студенческий офис
Добрый вечер! Номер договора 89559. Нужна справка для налогового вычета за обучение?,Бухгалтерия
"Уважаемые коллеги, Подскажите, кто подписывает дневник практики. Буду благодарен за помощь.",Практика и трудоустройство
"Здравствуйте! Учусь на заочной форме. Подскажите, где натйи место для прохождения производственной практики Спасибо.",Практика и трудоустройство
"Привет. Номер договора 18476. Помогите, хочу вернуть деньги за обучение после отчисления. Буду благодарен за помощь.",Бухгалтерия
Добрый день. Учусь на заочной форме. Нужно индивидуальное задаине на практику? Заранее спасибо!,Практика и трудоустройство
"Уважаемые коллеги, Пишу уже второй раз. Не понимаю, тест по менеджменту завис и не засчитал ответы Жду ответа.",IT-поддержка
"Я студент 1 курса, Экономика. Подскажите, где найти учебный план по направлению Экономика Жду ответа.",Учебный отдел
"Добрый день. Я студент 5 курса, Реклама и связи с общественностью. Оплатил обучение, но в личном кабинете висит задолженность.",Бухгалтерия
"Уважаемые коллеги, Подскажите, нужна справка для пенсионного фонда, что я учусь очно. Срочно!",Справки и документы
"Уважаемые коллеги, Как оформтиь студенческий проездной Заранее спасибо!",Студенческий офис
"Уважаемые коллеги, Учусь на заочной форме. Подскажите, хочу перевестись с направления Психология на другое направление. Срочно!",Практика и трудоустройство
"Здравствуйте! Учусь дистанционно. Скажите пожалуйста, как восстановить пароль от личного кабинета. Буду благодарен за помощь.",IT-поддержка
Здравствуйте! Нужна справка об обучении для работы.,Справки и документы
Нужна справка о периоде обучения Спасибо.,Справки и документы
Как подать документы на поступление онлайн Жду ответа.,Приёмная комиссия
"У меня академическая задолженность по праву, какие сроки ликвидации Спасибо.",Деканат
"Учусь дистанционно. Скажите пожалуйста, как восстановить пароль от личного кабинета Срочно!",IT-поддержка
"Уважаемые коллеги, Я студент 3 курса, Прикладная информатика. Помогите, как оформить договор на практику с организацией.",Практика и трудоустройство
"Учусь на заочной форме. Скажите пожалуйста, сколько делается справка об боучении Жду ответа.",Справки и документы
"Добрый день. Учусь на заочной форме. Не понимаю, как оформить материальную помощь Заранее спасибо!",Студенческий офис
Здравствуйте! Учусь дистанционно. Когда будут результаты вступительного экзамена? Спасибо.,Приёмная комиссия
Добрый день. Как оформить договор на праткику с организацией,Практика и трудоустройство
Нужна академическая справка.,Справки и документы
"Уважаемые коллеги, Как восстановить пароль от личного кабинета. Срочно!",IT-поддержка
"Уважаемые коллеги, Помогите, как подать документы на поступление онлайн?",Приёмная комиссия
Учусь дистанционно. У меня вопрос: когда будет посвящение в студенты? Срочно!,Студенческий офис
Здравствуйте! Учусь дистанционно. Когда будет день открытых дверей Срочно!,Приёмная комиссия
Здравствуйте! Номер договора 34671. У меня вопрос: когда будет защита курсовых работ.,Учебный отдел
"Уважаемые коллеги, Не понимаю, хочу перевестись с направления Реклама и связи с общественностью на другое направление",Деканат
"Здравствуйте! Учусь на заочной форме. Подскажите, где найти место для прохождения производственной практиик? Срочно!",Практика и трудоустройство
"Добрый день. Не понимаю, можон ли переселиться в другую комнату в общежитии Срочно!",Студенческий офис
"Привет. Учусь на заочной форме. Подскажите, нужна справка-вызов для работодателя на сессию. Срочно!",Справки и документы
"Уважаемые коллеги, Хочу подать заявление на перевод в другой вуз? Жду ответа.",Деканат
"Уважаемые коллеги, Не отображается оценка по программированию на Python в зачетной книжке Спасибо.",Практика и трудоустройство
"Я студент 3 курса, Психология. Как заверить копию зачетной книжки. Заранее спасибо!",Справки и документы
"Привет. Номер договора 36033. Не открывается вебинар, черный экран? Срочно!",IT-поддержка
"Здравствуйте! Я студент 3 курса, Прикладная информатика. У меня вопрос: перенесли занятие по менеджменту, какое новое время. Спасибо.",Учебный отдел
"Учусь на заочной форме. Помогите, где найти место для прохождения производственной практики.",Практика и трудоустройство
Добрый вечер! Учусь на заочной форме. Как получить приложение к диплому на английском Спасибо.,Справки и документы
"Добрый день. Пишу уже второй раз. Помогите, платеж прошел дважды, верните лишнюю сумму Жду ответа.",Бухгалтерия
"Привет. Помогите, как перевестись с очной формы обучения на заочную",Деканат
Привет. У меня вопрос: сайт выдает ошибку 500 при вхоед,IT-поддержка
"Уважаемые коллеги, Когда будет день открытых дверей Буду благодарен за помощь.",Приёмная комиссия
"Добрый вечер! Не понимаю, можно ли оформить рассрочку оплаты боучения.",Бухгалтерия
Добрый вечер! Номер договора 11461. У меня овпрос: когда будет защита курсовых работ Жду ответа.,Учебный отдел
"Я студент 4 курса, Психология. Помогите, как получить разрешение на свободное псоещение занятий. Жду ответа.",Деканат
"Здравствуйте! Пишу уже второй раз. Не понимаю, где найти место для прохождения производственной практики.",Практика и трудоустройство
Здравствуйте! Учусь дистанционно. Тест по программированию на Python завис и не засчитал ответы.,IT-поддержка
Хочу подать заявление на перевдо в другой вуз Буду благодарен за помощь.,Деканат
"Привет. Учусь на заочной форме. Скажите пожалуйста, в LMS не загружается задание по программированию на Python. Спасибо.",IT-поддержка
"Уважаемые коллеги, Скажите пожалуйста, кодга начинается следующий семестр",Учебный отдел
"Здравствуйте! Номер договора 80736. Скажите пожалуйста, где посмотреть расписание сессии",Учебный отдел
Добрый день. Как оформить скидку на обучение для многодетной семьи Срочно!,Бухгалтерия
Руководитель практики от организации не отвечает,Практика и трудоустройство
Добрый день. У меня вопрос: нужна академическая справка. Буду благодарен за помощь.,Справки и документы
"Здравствуйте! Пишу уже второй раз. Не понимаю, не могу прикрепить файл с работой, выдает ошибку Срочно!",IT-поддержка
"Добрый вечер! Учусь дистанционно. Не понимаю, меня не допустили к пересдаче по английскому языку, что делать? Заранее спасибо!",Деканат
"Учусь дистанционно. Помогите, когда будет день открытых дверей. Жду ответа.",Приёмная комиссия
"Учусь дистанционно. Помогите, как подать документы на поступление онлайн? Срочно!",Приёмная комиссия
"Уважаемые коллеги, Какой проходной балл был на Менеджмент в прошлом году",Приёмная комиссия
"Подскажите, как оформить материальную помощь?",Студенческий офис
"Скажите пожалуйста, до какого числа приниматю документы абитуриентов Срочно!",Приёмная комиссия
"Здравствуйте! Помогите, кто подписывает дневник практики? Срочно!",Практика и трудоустройство
"Добрый вечер! Номер договора 15038. Скажите пожалуйста, как записаться в спортивную секцию. Спасибо.",Студенческий офис
"Уважаемые коллеги, Пишу уже второй раз. Скажите пожалуйста, преподаватель по статистике не выставил оценку в ведомость? Жду ответа.",Практика и трудоустройство
Привет. Пишу уже второй раз. Когда начниается следующий семестр.,Учебный отдел
"Привет. Номер договора 13103. Скажите пожалуйста, не открывается вебинар, черный экран.",IT-поддержка
"Подскажите, у меня академическая задолженность по программированию на Python, какие сроки ликвидации?",Деканат
"Здравствуйте! Учусь дистанционно. Не понимаю, можно ли пройти практику по месту работы?",Практика и трудоустройство
"Добрый день. Учусь дистанционно. Подскажите, пропал звук на онлайн лекции по истории России. Буду благодарен за помощь.",IT-поддержка
Номер договора 93859. У меня вопрос: хочу сменить научного руководителя курсовой работы? Жду ответа.,Деканат
"Уважаемые коллеги, Нет доступа к электронной библиотеке?",IT-поддержка
"Добрый вечер! Пишу уже второй раз. Скажите пожалуйста, не открывается вебинар, черный экран? Заранее спасибо!",IT-поддержка
"Я студент 1 курса, Экономика. Помогите, как попасть в сутденческий театр Жду ответа.",Студенческий офис
"Добрый день. Я студент 4 курса, Психология. Не понимаю, не отображается оценка по менеджменту в зачетной кнжике Буду благодарен за помощь.",Учебный отдел
"Здравствуйте! Номер договора 67002. Помогите, как оформить скидку на обучение для многодетной семьи? Срочно!",Бухгалтерия
"Уважаемые коллеги, Номер договора 63773. Подскажите, как оформить скидку на обучение для многодетной семьи? Спасибо.",Бухгалтерия
"Добрый вечер! Я студент 1 курса, Прикладная информатика. Не понимаю, где посмотреть расписание сессии. Спасибо.",Учебный отдел
Добрый вечер! Номер договора 26131. Учитываются ли индивидуальные дсотижения при поступлении?,Учебный отдел
"Пишу уже второй раз. Не понимаю, кто подписывает дневник практики? Срочно!",Практика и трудоустройство
"Уважаемые коллеги, Подскажите, можно ли перенести сроки учебной практики. Спасибо.",Практика и трудоустройство
"Добрый вечер! Не понимаю, у меня академическая задолженность по праву, какие сроки ликвидации. Заранее спасибо!",Деканат
"Уважаемые коллеги, Помогите, можно ли пройти практику по месту работы Спасибо.",Справки и документы
"Не понимаю, как восстановить пароль от личного кабинета Срочно!",IT-поддержка
"Уважаемые коллеги, Пишу уже второй раз. Не понимаю, не приходит код подтверждения на почту? Заранее спасибо!",IT-поддержка
Добрый вечер! Учусь на заочной форме. Как оформить скидку на обучение для многодетной семьи? Жду ответа.,Бухгалтерия
"Добрый вечер! Учусь на заочной форме. Не понимаю, до какого чилса принимают документы абитуриентов. Жду ответа.",Приёмная комиссия
"Уважаемые коллеги, Учусь на заочной форме. У меня вопрос: как записаться в спортивную секцию Буду благодарен за помощь.",Студенческий офис
Добрый вечер! Хочу забрать оригинал аттестата из архива? Буду благодарен за помощь.,Справки и документы
"Уважаемые коллеги, Не понимаю, руководитель практики от организации не отвечает.",Практика и трудоустройство
Добрый день. Учусь дистанционно. У меня вопрос: когда будет посвящение в студенты Спасибо.,Студенческий офис
"Здравствуйте! Учусь дистанционно. Подскажите, не открывается вебинар, черный экран Срочно!",IT-поддержка
Помогите составить резюме для стажировки? Спасибо.,Практика и трудоустройство
Добрый день. У меня вопрос: как оформить студенческий проездной. Спасибо.,Студенческий офис
Пишу уже второй раз. Как восстановиться после отчисления.,Деканат
"Не понимаю, как оформить материальную помощь",Студенческий офис
Здравствуйте! Пишу уже второй раз. До какого числа принимают документы абитуриентов. Спасибо.,Приёмная комиссия
"Добрый вечер! Учусь на заочной форме. Подскажите, как получить разрешение на свободное посещение занятий? Жду ответа.",Деканат
"Привет. Помогите, когда сдавать отчет по преддипломной практике Заранее спасибо!",Практика и трудоустройство
"Здравствуйте! Номер договора 85997. Не понимаю, как восстановить пароль от личного кабинета? Буду благодарен за помощь.",IT-поддержка
"Здравствуйте! Номер договора 61881. Помогите, потерял студенческий билет, как восстановить Жду ответа.",Справки и документы
Добрый день. Учусь дистанционно. У меня вопрос: кто подписывает дневник практики. Буду благодарен за помощь.,Практика и трудоустройство
"Здравствуйте! Подскажите, есть ли бюджетные емста на Юриспруденция Жду ответа.",Справки и документы
"Добрый день. Учусь дистанционно. Скажите пожалуйста, когда будут результаты вступительного экзамена",Приёмная комиссия
"Помогите, до какого числа принимают документы абитуриентов.",Практика и трудоустройство
"Привет. Потерял студенческий билет, как восстановить.",Справки и документы
Здравствуйте! Учусь на заочной форме. У меня вопрос: где посмотреть расписание сессии Спасибо.,Учебный отдел
"Помогите, как оплатить обучение за следующий семестр? Срочно!",Бухгалтерия
"Добрый день. Подскажите, руководитель практики от организации не отвечает? Буду благодарен за помощь.",Практика и трудоустройство
"Уважаемые коллеги, Подскажите, можно ли оплатить обучение материнским капиталом. Жду ответа.",Бухгалтерия
"Перенесли занятие по экономике, какое новое время. Заранее спасибо!",Учебный отдел
Привет. Есть ли вакансии для студентов направления Менеджмент.,Практика и трудоустройство
"Добрый вечер! Прошу продлить сессию по уважительной причине, есть больничный",Приёмная комиссия
Привет. Учусь дистанционно. Какие дисциплины по выбору есть на 2 курсе? Жду ответа.,Учебный отдел
"Учусь дистанционно. Скажите пожалуйста, как записаться на преесдачу по экономике Спасибо.",Деканат
Сколько делается справка об обучении?,Справки и документы
Привет. Учусь дистанционно. У меня вопрос: сколько делается справка об обучении,Справки и документы
"Уважаемые коллеги, Учусь на заочной форме. Подскажите, как перевестись с очной формы обучения на заочную. Жду ответа.",Деканат
"Уважаемые коллеги, Номер договора 25338. Можно ли пройти практику по месту работы.",Практика и трудоустройство
"Здравствуйте! У меня вопрос: меня не допустили к пересдаче по машинному обучению, что делать. Буду благодарен за помощь.",Деканат
"Привет. Учусь на заочной форме. Помогите, не отображается оценка по высшей математике в зачетной нкижке. Спасибо.",Учебный отдел
"Номер договора 26159. Скажите пожалуйста, когда будет ярмарка вакансий. Срочно!",Практика и трудоустройство
"Добрый вечер! Помогите, где найти учебный план по направлению Менеджмент. Спасибо.",Учебный отдел
"Пишу уже второй раз. Скажите пожалуйста, потерял студенческий билет, как восстановить.",Справки и документы
"Уважаемые коллеги, Учусь на заочной форме. Не понимаю, хочу организовать студенческий клуб Спасибо.",Студенческий офис
"Уважаемые коллеги, Помогите, хочу вступить в студенческий совет? Жду ответа.",Студенческий офис
"Оплатил обучение, но в личном кабинете висит задолженность?",Бухгалтерия
"Добрый вечер! Я студент 4 курса, Менеджмент. У меня вопрос: преподаватель по праву не выставил оценку в ведомсоть.",Учебный отдел
Здравствуйте! Как заселиться в общежитие?,Студенческий офис
"Добрый день. Скажите пожалуйста, есть ли волонтерские программы? Жду ответа.",Студенческий офис
"Добрый вечер! Я студент 4 курса, Юриспруденция. Помогите, где найти учебный план по направлению Юриспруденция? Спасибо.",Учебный отдел
Привет. Как подключить корпоративную почту студента. Заранее спасибо!,IT-поддержка
Учусь на заочной форме. У меня вопрос: как восстановиться после отчисления? Заранее спасибо!,Деканат
"Добрый день. Скажите пожалуйста, перенесли занятие по машинному обучению, какое новое время? Срочно!",Учебный отдел
"Привет. Подскажите, как оформить скидку на обучение для многодетной семьи. Заранее спасибо!",Бухгалтерия
"Добрый вечер! Помогите, какие дисциплины по выбору есть на 2 курсе Жду ответа.",Практика и трудоустройство
"Подскажите, нужна справка-вызов для работодателя на сессию. Спасибо.",Справки и документы
"Уважаемые коллеги, Я студент 4 курса, Бизнес-информатика. Не понимаю, когда будут результаты вступительного экзамена Заранее спасибо!",Приёмная комиссия
"Уважаемые коллеги, Можно ли оплатить обучение материнским капитаолм?",Бухгалтерия
"Добрый вечер! Я студент 1 курса, Экономика. Скажите пожалуйста, не отображается оценка по менеджменту в зачетной книжке? Срочно!",Учебный отдел
"Добрый вечер! Учусь на заочной форме. Не понимаю, как заказать справку для военкомата",Справки и документы
"Привет. Подскажите, когда сдавать отчет по преддипломной практике?",Практика и трудоустройство
"Добрый вечер! Учусь на заочной форме. Помогите, хочу сменить научного руководителя курсовой работы.",Деканат
"Привет. Подскажите, хочу вернуть деньги за обучение после отчисления? Жду ответа.",Бухгалтерия
Привет. Хочу сменить научного руквоодителя курсовой работы Заранее спасибо!,Деканат
"Добрый день. Номер договора 37456. Подскажите, хочу вступить в студенческий совет? Жду ответа.",Студенческий офис
"Номер договора 89084. Скажите пожалуйста, как оформить скидку на обучение для многодетной семьи? Спасибо.",Бухгалтерия
Добрый день. Учусь дистанционно. Хочу забрать оригинал аттестата из архива Жду ответа.,Справки и документы
"Добрый вечер! Учусь на заочной форме. Помогите, руководитель практики от организации не отвчеает Срочно!",Практика и трудоустройство
"Здравствуйте! Я студент 5 курса, Прикладная информатика. У меня вопрос: кто подписывает дневник практики? Жду ответа.",Практика и трудоустройство
Пишу уже второй раз. Как попасть в студенческий театр. Срочно!,Студенческий офис
Добрый день. До какого ичсла принимают документы абитуриентов Срочно!,Приёмная комиссия
"Добрый день. Скажите пожалуйста, как оформить договор на практику с организацией?",Практика и трудоустройство
"Я студент 5 курса, Юриспруденция. У меня вопрос: как оформить материальную помощь? Заранее спасибо!",Студенческий офис
"Добрый вечер! Не понимаю, как оформить студенческий проездной? Спасибо.",Студенческий офис
"Добрый вечер! Учусь на заочной форме. Потерял студенческий билет, как восстановить.",Справки и документы
"Добрый день. Учусь дистанционно. Не понимаю, платеж прошел дважды, верните лишнюю сумму? Заранее спасибо!",Бухгалтерия
"Добрый вечер! Учусь дистанционно. Скажите пожалуйста, потерял студенческий билет, как восстановить.",Справки и документы
"Здравствуйте! Учусь на заочной форме. Не понимаю, помогите составить резюме для стажировки? Заранее спасибо!",Практика и трудоустройство
"Здравствуйте! Не понимаю, как заверить кпоию зачетной книжки.",Справки и документы
Добрый вечер! Учусь дистанционно. В LMS не загуржается задание по программированию на Python. Заранее спасибо!,IT-поддержка
Привет. Как записаться на пересдачу по английскому языку Буду благодарен за помощь.,Деканат
Добрый вечер! Можно ли перенести сроки учебной практики Срочно!,Практика и трудоустройство
Добрый день. Пропал звук на онлайн лкеции по машинному обучению. Буду благодарен за помощь.,IT-поддержка
"Пишу уже второй раз. Скажите пожалуйста, прошу продлить сессию по уважительной причине, есть больничный Спасибо.",Деканат
Здравствуйте! Как подключить корпоративную почту студента. Спасибо.,IT-поддержка
Добрый день. У меня вопрос: хочу перевестись с направления Менеджмент на другое направление Жду ответа.,Деканат
"Привет. Пишу уже второй раз. Помогите, как заселиться в общежитие Заранее спасибо!",Студенческий офис
"Привет. Я студент 4 курса, Прикладная информатика. Скажите пожалуйст,а как попасть на стажировку в компанию-партнер",Практика и трудоустройство
"Уважаемые коллеги, Учусь дистанционно. Как получить копию договора на обучение и акт об оплате?",Бухгалтерия
"Уважаемые коллеги, Я студент 2 курса, Менеджмент. Скажите пожалуйста, как оформить договор на практику с организацией. Спасибо.",Практика и трудоустройство
"Номер договора 58148. Не понимаю, меня не допустили к пересдаче по статистике, что делать",Деканат
"Здравствуйте! Учусь на заочной форме. Помогите, можно ли переселиться в другую комнату в общежитии. Срочно!",Студенческий офис
"Пишу уже второй раз. Подскажите, в общежитии не работает отопление Заранее спасибо!",Студенческий офис
"Добрый вечер! Учусь дистанционно. Помогите, где посмотреть расписание сессии.",Учебный отдел
Добрый вечер! Учусь дистанционно. Как записаться в спортивную секцию Спасибо.,Студенческий офис
"Уважаемые коллеги, Пишу уже второй раз. Скажите пожалуйста, можно ли оформить рассрочку оплаты обучения Спасибо.",Бухгалтерия
"Здравствуйте! Номер договора 86468. Скажите пожалуйста, хочу организовать студенческий клуб? Жду ответа.",Студенческий офис
Учусь дистанционно. В LMS не загружается заднаие по английскому языку. Заранее спасибо!,IT-поддержка
"Уважаемые коллеги, Не понимаю, есть ли вакансии для студентов напрваления Юриспруденция Спасибо.",Практика и трудоустройство
"Помогите, хочу забрать оригинал аттестата из архиав.",Практика и трудоустройство
"Скажите пожалуйста, нужно индивидуальное задание на практику Срочно!",Практика и трудоустройство
"Добрый день. Учусь на заочной форме. У меня вопрос: хочу оформить академический отпуск, какие документы нужны Буду благодарен за помощь.",Деканат
Привет. Номер договора 75251. Как подать документы на поступление онлайн? Спасибо.,Приёмная комиссия
"Уважаемые коллеги, Учусь на заочной форме. Скажите пожалуйста, не могу войти в личный кабинет, пишет неверный пароль? Спасибо.",IT-поддержка
Номер договора 46987. Как оформить договор на практику с организацией. Жду ответа.,Практика и трудоустройство
"Добрый день. Пишу уже второй раз. Помогите, когда сдавать отчет по преддипломной практике Срочно!",Практика и трудоустройство
"Добрый вечер! Номер договора 33345. Я абитуриент, как узнать свое место в конкурсном списке. Буду благодарен за помощь.",Приёмная комиссия
"Добрый день. Подскажите, как оформить студенческий проездной. Спасибо.",Студенческий офис
"Уважаемые коллеги, Учусь дистанционно. Помогите, как восстановиться после отчисления?",Деканат
"Скажите пожалуйста, как попасть на стажировку в компанию-партнер? Срочно!",Практика и трудоустройство
"Уважаемые коллеги, Скажите пожалуйста, когда будет посвящение в студенты. Жду ответа.",Студенческий офис
"Уважаемые коллеги, Учусь на заочной форме. Подскажите, как подать документы на поступление онлайн? Спасибо.",Приёмная комиссия
"Добрый день. Учусь дистанционно. Пдоскажите, тест по программированию на Python завис и не засчитал ответы? Заранее спасибо!",IT-поддержка
"Добрый вечер! Я студент 4 курса, Реклама и связи с общественностью. Скажите пожалуйста, хочу забрать оригинал аттестата из архива? Срочно!",Справки и документы
"Уважаемые коллеги, Учусь дистанционно. У меня вопрос: нужно согласовать индивидуальный график обучения.",Деканат
Здравствуйте! Учусь на заочной форме. У меня вопрос: хочу перевестись с направления Психология на другое направление Срочно!,Деканат
"Здравствуйте! Я студент 1 курса, Прикладная информатика. Помогите составить резюме для стажировки? Жду ответа.",Практика и трудоустройство
"Учусь дистанционно. Подскажите, учитываются ли индивидуальные достижения при поступлении Жду ответа.",Приёмная комиссия
"Привет. Платеж прошел двжады, верните лишнюю сумму. Буду благодарен за помощь.",Бухгалтерия
"Добрый день. Я студент 2 курса, Экономика. Помогите, почему выросла стоимость обучения по договору.",Бухгалтерия
"Добрый вечер! Помогите, хочу перевестись с направления Реклама и связи с общественностью на другое направление?",Деканат
"Добрый вечер! Учусь дистанционно. Не понимаю, руководтиель практики от организации не отвечает",Студенческий офис
"Добрый день. Я студент 5 курса, Бизнес-информатика. Когда будет ярмарка вакансий",Практика и трудоустройство
Добрый день. Учусь на заочной форме. Сколько заечтных единиц в семестре на 1 курсе? Срочно!,Учебный отдел
"Добрый день. Подскажите, когда будет ярмарка вакансий Спасибо.",Практика и трудоустройство
"Добрый день. Учусь на заочной форме. Скажите пожалуйста, хочу поступить в магистратуру, какие нужны документы Буду благодарен за помощь.",Приёмная комиссия
"Здравствуйте! Скжаите пожалуйста, где найти учебный план по направлению Психология? Жду ответа.",Учебный отдел
"Добрый день. Помогите, как оформить договор на практику с организацией. Буду благодарен за помощь.",Практика и трудоустройство
"Добрый день. В расписании стоят две пары одновременно, какая правильная. Жду ответа.",Учебный отдел
"Уважаемые коллеги, Хочу поступить на направление Прикладная информатика, какие вступительные испытания?",Приёмная комиссия
"Здравствуйте! Номер договора 40841. Помогите, почему выросла стоимость обучения по договору.",Бухгалтерия
"Подскажите, сколько стоит проживание в общежитии?",Студенческий офис
Привет. Как перевестись с очной формы обучения на заочную,Деканат
"Добрый день. Пишу уже второй раз. Скажите пожалуйста, можно ли переселиться в другую команту в общежитии. Жду ответа.",Студенческий офис
Добрый день. У меня вопрос: как заказать справку для военкомата?,Справки и документы
"Привет. Скажите пожалуйста, как подключить корпоративную почту студента. Буду благодарен за помощь.",IT-поддержка
Учусь дистанционно. Как попасть в студенческий театр. Заранее спасибо!,Студенческий офис
"Учусь дистанционно. Подскажите, тест по машинному обучению завис и не засчитал ответы Спасибо.",IT-поддержка
Приложение университета вылетает на телефоне. Буду благодарен за помощь.,IT-поддержка
"Подскажите, как заказать справку для военкомата Спасибо.",Справки и документы
Можно ли оплатить обучение материнским капиталом,Бухгалтерия
"Привет. Номер договора 61648. Помогите, приложение университета вылетает на телефоне? Срочно!",IT-поддержка
"Я студент 4 курса, Психология. Как полчуить копию договора на обучение и акт об оплате. Срочно!",Бухгалтерия
"Добрый вечер! Я студент 4 курса, Экономика. Кто подписывает дневник практики. Жду ответа.",Практика и трудоустройство
"Здравствуйте! Я студент 4 курса, Реклама и связи с общественностью. У меня вопрос: как заселиться в общежитие Жду ответа.",Студенческий офис
"Уважаемые коллеги, Скажите пожалуйста, кто подписывает дневник практики.",Практика и трудоустройство
"Здравствуйте! Я студент 5 курса, Прикладная информатика. Помогите, перенесли занятие по высшей математике, какое новое время.",Учебный отдел
"Добрый день. Не понимаю, когда будет посвящение в студенты?",Студенческий офис
"Привет. Учусь дистанционно. Подскажите, где найти учебный план по напарвлению Экономика? Спасибо.",Учебный отдел
"Учусь на заочной форме. Помогите, нужна справка для пенсионного фонда, что я учусь очно Срочно!",Справки и документы
"Я студент 3 курса, Реклама и связи с общественностью. Подскажите, когда начинается следующий семестр? Срочно!",Учебный отдел
"Уважаемые коллеги, Пишу уже второй раз. Не понимаю, оплатил обучение, но в личном кабинете висит задолженность. Жду ответа.",Бухгалтерия
Учусь дистанционно. У меня овпрос: не пришел чек об оплате семестра? Заранее спасибо!,Бухгалтерия
"Привет. Я студент 2 курса, Юриспруденция. Подскажите, нужна справка об обучении для работы Жду ответа.",Справки и документы
Хочу забрать оригинал аттестата из архива Срочно!,Справки и документы
"Добрый вечер! Скажите пожалуйста, как получить разрешение на свободное посещение занятий Буду благодарен за помощь.",Деканат
"Добрый вечер! Я студент 3 курса, Юриспруденция. Скажите пожалуйст,а хочу вернуть деньги за обучение после отчисления? Заранее спасибо!",Бухгалтерия
У меня вопрос: помогите составить резюме для стажировки Спасибо.,Практика и трудоустройство
"Учусь дистанционно. Перенесли занятие по машинному обучению, какое новое время? Срочно!",Учебный отдел
"Добрый день. Я студент 4 курса, Прикладная информатика. Подскажите, хочу вернуть деньги за обучение после отчисления?",Бухгалтерия
"Привет. Скажите пожалуйста, хочу вступить в студенческий совет Буду благодарен за помощь.",Студенческий офис
"Добрый день. Учусь на заочной форме. У меня вопрос: хочу поступить в магистратуру, какие нужны документы?",Приёмная комиссия
"Добрый вечер! Я студент 5 курса, Прикладная информатика. Не понимаю, как попасть на стажировку в компанию-партнер?",Практика и трудоустройство
"Здравствуйте! Я студент 4 курса, Бизнес-информатика. Хочу забрать оригинал аттестата из архива?",Справки и документы
Когда будет ямрарка вакансий.,Практика и трудоустройство
Добрый вечер! Почему выросла стоимость обучения по договору. Буду благодарен за помощь.,Бухгалтерия
"Уважаемые коллеги, Учитываются ли индивидуальные доситжения при поступлении. Буду благодарен за помощь.",Приёмная комиссия
"Добрый день. Учусь на заочной форме. Скажите пожалуйста, нужна справка-вызов для работодателя на сессию Жду ответа.",Справки и документы
"Здравствуйте! Учусь на заочной форме. Скажите пожалуйста, как оформить студенческий проездной",Студенческий офис
"Добрый день. Учусь дистанционно. Подскажите, приложение университета вылетает на телефоне. Заранее спасибо!",IT-поддержка
"Добрый день. Учусь на заочной форме. Подскажите, хочу сменить научного руководителя курсовой работы",Деканат
Добрый вечер! Как получить приложение к диплому на английском. Срочно!,Справки и документы
"Привет. Я студент 4 курса, Прикладная информатика. Подскажите, хочу вернуть деньги за обучение после отчисления.",Бухгалтерия
"Уважаемые коллеги, Когда будет день открытых дверей Жду ответа.",Приёмная комиссия
"Привет. Учусь дистанционно. Скажите пожалуйста, можно ли поступить без ЕГЭ после колледжа? Срочно!",Приёмная комиссия
"Пишу уже второй раз. Скажите пожалуйста, как записаться в спортивную секцию? Срочно!",Студенческий офис
"Уважаемые коллеги, Учусь дистанционно. Помогите, нужна справка для пенсионноог фонда, что я учусь очно",Справки и документы
"Добрый день. Подскажите, можно ли переселиться в другую комнату в общежитии.",Студенческий офис
"Скажите пожалуйста, не отображается оценка по истории России в зачетной книжке. Заранее спасибо!",Учебный отдел
"Учусь дистанционно. Скажите пожалуйста, какой проходной балл был на Менеджмент в прошлом году. Буду благодарен за помощь.",Приёмная комиссия
Добрый вечер! Пишу уже второй раз. У меня вопрос: в общежитии не работает отопленеи?,Студенческий офис
"Здравствуйте! Не понимаю, как заверить окпию зачетной книжки Срочно!",Справки и документы
"Добрый день. Подскажите, как заселиться в общежитие",Студенческий офис
"Добрый вечер! Учусь на заочной форме. Помогите, не приходит код подтвержденяи на почту.",IT-поддержка
"Уважаемые коллеги, Подскажите, какие дисциплины по выбору есть на 1 курсе. Жду ответа.",Учебный отдел
"Уважаемые коллеги, Номер договора 55344. У меня вопрос: сколько стоит проживание в общежитии?",Студенческий офис
"Привет. Учусь на заочной форме. Подскажите, есть ли вакансии для студентов направления Бизнес-информатика?",Практика и трудоустройство
"Уважаемые коллеги, Я студент 5 курса, Менеджмент. Скажите пожалуйста, хочу сменить научного руководителя курсовой работы? Буду благодарен за помощь.",Деканат
"Учусь на заочной форме. Подскажите, как оплатить обучение за следующий семестр? Срочно!",Бухгалтерия
"Добрый вечер! Я студент 1 курса, Менеджмент. Можно ли оформить рассрочку оплаты обучения Срочно!",Бухгалтерия
Привет. Как записаться в спортивную секцию?,Студенческий офис
Привет. Учусь дистанционно. Когда будут результаты вступительного экзамена,Приёмная комиссия
"Учусь на заочной форме. Скажите поажлуйста, нужна справка об обучении для работы Жду ответа.",Справки и документы
Добрый вечер! Номер договора 16765. Сколько стоит проживание в общежитии?,Студенческий офис
"Я студент 3 курса, Менеджмент. Скажите пожалуйста, хочу оформить академический отпуск, какие документы нужны? Срочно!",Деканат
"Уважаемые коллеги, Как подключить корпоративную почту студента? Срочно!",IT-поддержка
Здравствуйте! Когда начинается следующий семестр,Учебный отдел
"Уважаемые коллеги, Помогите, не могу войти в личный кабинет, пишет неверный пароль? Заранее спасибо!",IT-поддержка
"Здравствуйте! Скажите пожалуйста, в LMS не загружается заднаие по экономике",IT-поддержка
"Добрый день. Я студент 1 курса, Психология. Не понимаю, помогите составить резюме для стажировки.",Практика и трудоустройство
